-- phpMyAdmin SQL Dump
-- version 4.6.6deb5
-- https://www.phpmyadmin.net/
--
-- Host: localhost:3306
-- Generation Time: Jun 03, 2020 at 04:45 PM
-- Server version: 5.7.30-0ubuntu0.18.04.1
-- PHP Version: 7.1.33-3+ubuntu18.04.1+deb.sury.org+1

SET SQL_MODE = "NO_AUTO_VALUE_ON_ZERO";
SET time_zone = "+00:00";


/*!40101 SET @OLD_CHARACTER_SET_CLIENT=@@CHARACTER_SET_CLIENT */;
/*!40101 SET @OLD_CHARACTER_SET_RESULTS=@@CHARACTER_SET_RESULTS */;
/*!40101 SET @OLD_COLLATION_CONNECTION=@@COLLATION_CONNECTION */;
/*!40101 SET NAMES utf8mb4 */;

--
-- Database: `yellowalley`
--

-- --------------------------------------------------------

--
-- Table structure for table `banners`
--

CREATE TABLE `banners` (
  `id` int(11) NOT NULL,
  `doc_path` varchar(250) NOT NULL,
  `isactive` tinyint(1) NOT NULL DEFAULT '1',
  `created_at` datetime DEFAULT NULL,
  `updated_at` datetime DEFAULT NULL,
  `deleted_at` datetime DEFAULT NULL
) ENGINE=InnoDB DEFAULT CHARSET=latin1;

--
-- Dumping data for table `banners`
--

INSERT INTO `banners` (`id`, `doc_path`, `isactive`, `created_at`, `updated_at`, `deleted_at`) VALUES
(1, 'banner/dm1.jpg', 1, '2020-05-29 10:46:23', '2020-05-29 10:46:23', NULL),
(3, 'banner/dm3.jpg', 1, '2020-05-29 10:46:48', '2020-05-29 10:46:48', NULL);

-- --------------------------------------------------------

--
-- Table structure for table `chapters`
--

CREATE TABLE `chapters` (
  `id` int(11) NOT NULL,
  `title` varchar(250) NOT NULL,
  `description` text,
  `image` varchar(250) DEFAULT NULL,
  `isactive` tinyint(1) NOT NULL DEFAULT '1',
  `created_at` datetime DEFAULT NULL,
  `updated_at` datetime DEFAULT NULL,
  `deleted_at` datetime DEFAULT NULL,
  `sequence_no` int(11) NOT NULL DEFAULT '1',
  `hastest` tinyint(1) NOT NULL DEFAULT '1'
) ENGINE=InnoDB DEFAULT CHARSET=latin1;

--
-- Dumping data for table `chapters`
--

INSERT INTO `chapters` (`id`, `title`, `description`, `image`, `isactive`, `created_at`, `updated_at`, `deleted_at`, `sequence_no`, `hastest`) VALUES
(1, 'Chapter 1', 'basics of oops', 'chapters/03_8.png', 1, '2020-03-17 07:42:44', '2020-03-17 07:42:44', NULL, 1, 1),
(2, 'Chapter 2 Principle of machines', 'Machines reduces human effort', 'chapters/03_9.png', 1, '2020-03-17 07:43:24', '2020-03-17 07:43:24', NULL, 2, 1),
(3, 'Chapter 3: Semiconductors', 'Semiconductors I never understand', 'chapters/cc.png', 1, '2020-03-17 07:44:12', '2020-03-17 07:44:12', NULL, 3, 1);

-- --------------------------------------------------------

--
-- Table structure for table `configurations`
--

CREATE TABLE `configurations` (
  `id` int(11) NOT NULL,
  `param_name` varchar(100) NOT NULL,
  `param_value` varchar(100) NOT NULL,
  `comment` varchar(250) DEFAULT NULL,
  `created_at` datetime DEFAULT NULL,
  `updated_at` datetime DEFAULT NULL,
  `deleted_at` datetime DEFAULT NULL
) ENGINE=InnoDB DEFAULT CHARSET=latin1;

--
-- Dumping data for table `configurations`
--

INSERT INTO `configurations` (`id`, `param_name`, `param_value`, `comment`, `created_at`, `updated_at`, `deleted_at`) VALUES
(1, 'plan_charges', '2999', NULL, NULL, NULL, NULL),
(2, 'plan_validity', '6', 'in months', NULL, NULL, NULL);

-- --------------------------------------------------------

--
-- Table structure for table `contacts`
--

CREATE TABLE `contacts` (
  `id` int(11) NOT NULL,
  `name` varchar(100) NOT NULL,
  `email` varchar(100) NOT NULL,
  `mobile` varchar(10) NOT NULL,
  `message` text NOT NULL,
  `user_id` int(11) NOT NULL,
  `created_at` datetime DEFAULT NULL,
  `updated_at` datetime DEFAULT NULL,
  `deleted_at` datetime DEFAULT NULL
) ENGINE=InnoDB DEFAULT CHARSET=latin1;

--
-- Dumping data for table `contacts`
--

INSERT INTO `contacts` (`id`, `name`, `email`, `mobile`, `message`, `user_id`, `created_at`, `updated_at`, `deleted_at`) VALUES
(1, 'Makudmiyaa', 'sajimalek35@gmail.com', '8802035788', 'sddsdsds', 232, '2020-06-03 07:54:00', '2020-06-03 07:54:00', NULL);

-- --------------------------------------------------------

--
-- Table structure for table `doubts`
--

CREATE TABLE `doubts` (
  `id` int(11) NOT NULL,
  `name` varchar(100) NOT NULL,
  `mobile` varchar(10) NOT NULL,
  `email` varchar(100) DEFAULT NULL,
  `subject` varchar(200) NOT NULL,
  `description` text NOT NULL,
  `user_id` int(11) NOT NULL,
  `created_at` datetime DEFAULT NULL,
  `updated_at` datetime DEFAULT NULL,
  `deleted_at` datetime DEFAULT NULL
) ENGINE=InnoDB DEFAULT CHARSET=latin1;

--
-- Dumping data for table `doubts`
--

INSERT INTO `doubts` (`id`, `name`, `mobile`, `email`, `subject`, `description`, `user_id`, `created_at`, `updated_at`, `deleted_at`) VALUES
(1, 'pankaj kumar sengar', '8802035788', NULL, 'facing problem in test 2', 'lareum ipseum doreum ispisun lareum ipseum doreum ispisun lareum ipseum doreum ispisun lareum ipseum doreum ispisun lareum ipseum doreum ispisun lareum ipseum doreum ispisun lareum ipseum doreum ispisun', 232, '2020-03-14 05:38:55', '2020-03-14 05:38:55', NULL),
(2, 'pankaj sengar', '8802035789', 'pks.11iitr@gmail.com', 'Account login problem', 'sdjskdjsdnsdksds', 232, '2020-06-03 07:28:05', '2020-06-03 07:28:05', NULL);

-- --------------------------------------------------------

--
-- Table structure for table `gallery`
--

CREATE TABLE `gallery` (
  `id` int(11) NOT NULL,
  `entity_type` varchar(100) NOT NULL,
  `entity_id` int(11) NOT NULL,
  `doc_path` varchar(250) NOT NULL,
  `created_at` datetime DEFAULT NULL,
  `deleted_at` datetime DEFAULT NULL,
  `updated_at` datetime DEFAULT NULL,
  `isactive` tinyint(1) NOT NULL DEFAULT '1'
) ENGINE=InnoDB DEFAULT CHARSET=latin1;

--
-- Dumping data for table `gallery`
--

INSERT INTO `gallery` (`id`, `entity_type`, `entity_id`, `doc_path`, `created_at`, `deleted_at`, `updated_at`, `isactive`) VALUES
(1, 'App\\Models\\Products', 1, 'products/smm.jpg', NULL, NULL, NULL, 1),
(2, 'App\\Models\\Products', 1, 'products/ssmmm.jpg', NULL, NULL, NULL, 1),
(3, 'App\\Models\\Products', 2, 'products/smm.jpg', NULL, NULL, NULL, 1),
(4, 'App\\Models\\Products', 2, 'products/ssmmm.jpg', NULL, NULL, NULL, 1);

-- --------------------------------------------------------

--
-- Table structure for table `migrations`
--

CREATE TABLE `migrations` (
  `id` int(10) UNSIGNED NOT NULL,
  `migration` varchar(255) COLLATE utf8mb4_unicode_ci NOT NULL,
  `batch` int(11) NOT NULL
) ENGINE=InnoDB DEFAULT CHARSET=utf8mb4 COLLATE=utf8mb4_unicode_ci;

--
-- Dumping data for table `migrations`
--

INSERT INTO `migrations` (`id`, `migration`, `batch`) VALUES
(1, '2014_10_12_000000_create_users_table', 1),
(2, '2014_10_12_100000_create_password_resets_table', 1),
(3, '2015_02_07_172606_create_roles_table', 2),
(4, '2015_02_07_172633_create_role_user_table', 2),
(5, '2015_02_07_172649_create_permissions_table', 2),
(6, '2015_02_07_172657_create_permission_role_table', 2),
(7, '2015_02_17_152439_create_permission_user_table', 2),
(8, '2015_11_30_232041_bigint_user_keys', 3),
(9, '2016_02_06_172606_create_users_table', 3);

-- --------------------------------------------------------

--
-- Table structure for table `otps`
--

CREATE TABLE `otps` (
  `id` int(11) NOT NULL,
  `user_id` int(11) NOT NULL,
  `otp` varchar(6) NOT NULL,
  `type` varchar(20) NOT NULL,
  `expiry` datetime NOT NULL,
  `isverified` tinyint(1) NOT NULL DEFAULT '0',
  `created_at` timestamp NULL DEFAULT NULL,
  `updated_at` timestamp NULL DEFAULT NULL,
  `deleted_at` timestamp NULL DEFAULT NULL
) ENGINE=InnoDB DEFAULT CHARSET=latin1;

--
-- Dumping data for table `otps`
--

INSERT INTO `otps` (`id`, `user_id`, `otp`, `type`, `expiry`, `isverified`, `created_at`, `updated_at`, `deleted_at`) VALUES
(1, 5, '111111', 'login', '2019-11-29 04:52:42', 1, NULL, '2019-11-28 23:30:53', NULL),
(2, 7, '111111', 'login', '2019-12-16 10:34:45', 1, '2019-12-16 05:04:45', '2019-12-17 04:33:05', NULL),
(3, 11, '111111', 'login', '2019-12-17 10:02:27', 0, '2019-12-17 04:32:27', '2019-12-17 04:32:27', NULL),
(4, 7, '111111', 'login', '2019-12-17 12:26:10', 1, '2019-12-17 06:56:10', '2019-12-17 06:56:18', NULL),
(5, 7, '111111', 'login', '2019-12-18 09:27:21', 1, '2019-12-18 03:57:21', '2019-12-18 03:57:30', NULL),
(6, 7, '111111', 'login', '2019-12-18 11:26:28', 1, '2019-12-18 05:56:28', '2019-12-18 05:56:40', NULL),
(7, 12, '111111', 'login', '2019-12-20 08:16:28', 1, '2019-12-20 08:16:28', '2019-12-23 05:51:44', NULL),
(8, 13, '111111', 'login', '2019-12-20 10:23:35', 0, '2019-12-20 10:23:35', '2019-12-20 10:23:35', NULL),
(9, 14, '111111', 'login', '2019-12-20 10:42:31', 0, '2019-12-20 10:42:31', '2019-12-20 10:42:31', NULL),
(10, 15, '111111', 'login', '2019-12-20 10:49:28', 0, '2019-12-20 10:49:28', '2019-12-20 10:49:28', NULL),
(11, 16, '111111', 'login', '2019-12-20 11:44:36', 0, '2019-12-20 11:44:36', '2019-12-20 11:44:36', NULL),
(12, 17, '111111', 'login', '2019-12-20 12:24:30', 0, '2019-12-20 12:24:30', '2019-12-20 12:24:30', NULL),
(13, 18, '111111', 'login', '2019-12-20 12:39:42', 0, '2019-12-20 12:39:42', '2019-12-20 12:39:42', NULL),
(14, 19, '111111', 'login', '2019-12-20 13:18:02', 0, '2019-12-20 13:18:02', '2019-12-20 13:18:02', NULL),
(15, 21, '111111', 'login', '2019-12-20 13:23:08', 0, '2019-12-20 13:23:08', '2019-12-20 13:23:08', NULL),
(16, 22, '111111', 'login', '2019-12-20 13:25:44', 0, '2019-12-20 13:25:44', '2019-12-20 13:25:44', NULL),
(17, 23, '111111', 'login', '2019-12-20 13:27:25', 1, '2019-12-20 13:27:25', '2019-12-20 13:30:10', NULL),
(18, 24, '111111', 'login', '2019-12-20 13:48:19', 0, '2019-12-20 13:48:19', '2019-12-20 13:48:19', NULL),
(19, 25, '111111', 'login', '2019-12-20 13:50:51', 0, '2019-12-20 13:50:51', '2019-12-20 13:50:51', NULL),
(20, 26, '111111', 'login', '2019-12-21 05:31:51', 0, '2019-12-21 05:31:51', '2019-12-21 05:31:51', NULL),
(21, 27, '111111', 'login', '2019-12-21 05:38:58', 0, '2019-12-21 05:38:58', '2019-12-21 05:38:58', NULL),
(22, 28, '111111', 'login', '2019-12-21 06:09:40', 0, '2019-12-21 06:09:40', '2019-12-21 06:09:40', NULL),
(23, 31, '111111', 'login', '2019-12-21 06:13:11', 0, '2019-12-21 06:13:11', '2019-12-21 06:13:11', NULL),
(24, 32, '111111', 'login', '2019-12-21 06:17:04', 0, '2019-12-21 06:17:04', '2019-12-21 06:17:04', NULL),
(25, 34, '111111', 'login', '2019-12-21 06:18:49', 0, '2019-12-21 06:18:49', '2019-12-21 06:18:49', NULL),
(26, 35, '111111', 'login', '2019-12-21 06:23:07', 0, '2019-12-21 06:23:07', '2019-12-21 06:23:07', NULL),
(27, 36, '111111', 'login', '2019-12-21 06:28:38', 0, '2019-12-21 06:28:38', '2019-12-21 06:28:38', NULL),
(28, 37, '111111', 'login', '2019-12-21 07:03:41', 0, '2019-12-21 07:03:41', '2019-12-21 07:03:41', NULL),
(29, 38, '111111', 'login', '2019-12-21 07:04:56', 0, '2019-12-21 07:04:56', '2019-12-21 07:04:56', NULL),
(30, 39, '111111', 'login', '2019-12-21 07:07:14', 0, '2019-12-21 07:07:14', '2019-12-21 07:07:14', NULL),
(31, 40, '111111', 'login', '2019-12-21 07:15:22', 0, '2019-12-21 07:15:22', '2019-12-21 07:15:22', NULL),
(32, 41, '111111', 'login', '2019-12-21 07:18:13', 0, '2019-12-21 07:18:13', '2019-12-21 07:18:13', NULL),
(33, 42, '111111', 'login', '2019-12-21 07:22:33', 0, '2019-12-21 07:22:33', '2019-12-21 07:22:33', NULL),
(34, 43, '111111', 'login', '2019-12-21 07:24:39', 0, '2019-12-21 07:24:39', '2019-12-21 07:24:39', NULL),
(35, 44, '111111', 'login', '2019-12-21 07:27:44', 0, '2019-12-21 07:27:44', '2019-12-21 07:27:44', NULL),
(36, 45, '111111', 'login', '2019-12-21 07:45:40', 0, '2019-12-21 07:45:40', '2019-12-21 07:45:40', NULL),
(37, 46, '111111', 'login', '2019-12-21 09:17:51', 0, '2019-12-21 09:17:51', '2019-12-21 09:17:51', NULL),
(38, 47, '111111', 'login', '2019-12-21 09:22:30', 0, '2019-12-21 09:22:30', '2019-12-21 09:22:30', NULL),
(39, 48, '111111', 'login', '2019-12-21 09:33:35', 0, '2019-12-21 09:33:35', '2019-12-21 09:33:35', NULL),
(40, 49, '111111', 'login', '2019-12-21 09:38:25', 0, '2019-12-21 09:38:25', '2019-12-21 09:38:25', NULL),
(41, 50, '111111', 'login', '2019-12-21 09:41:20', 0, '2019-12-21 09:41:20', '2019-12-21 09:41:20', NULL),
(42, 51, '111111', 'login', '2019-12-21 09:44:07', 0, '2019-12-21 09:44:07', '2019-12-21 09:44:07', NULL),
(43, 52, '111111', 'login', '2019-12-21 09:51:05', 0, '2019-12-21 09:51:05', '2019-12-21 09:51:05', NULL),
(44, 53, '111111', 'login', '2019-12-21 10:19:21', 0, '2019-12-21 10:19:21', '2019-12-21 10:19:21', NULL),
(45, 54, '111111', 'login', '2019-12-21 10:37:05', 0, '2019-12-21 10:37:05', '2019-12-21 10:37:05', NULL),
(46, 55, '111111', 'login', '2019-12-21 11:03:42', 0, '2019-12-21 11:03:42', '2019-12-21 11:03:42', NULL),
(47, 56, '111111', 'login', '2019-12-21 11:20:04', 0, '2019-12-21 11:20:04', '2019-12-21 11:20:04', NULL),
(48, 57, '111111', 'login', '2019-12-21 11:22:52', 0, '2019-12-21 11:22:52', '2019-12-21 11:22:52', NULL),
(49, 58, '111111', 'login', '2019-12-21 11:25:33', 0, '2019-12-21 11:25:33', '2019-12-21 11:25:33', NULL),
(50, 59, '111111', 'login', '2019-12-21 11:26:55', 0, '2019-12-21 11:26:55', '2019-12-21 11:26:55', NULL),
(51, 61, '111111', 'login', '2019-12-21 11:29:21', 0, '2019-12-21 11:29:21', '2019-12-21 11:29:21', NULL),
(52, 62, '111111', 'login', '2019-12-21 11:30:42', 0, '2019-12-21 11:30:42', '2019-12-21 11:30:42', NULL),
(53, 63, '111111', 'login', '2019-12-21 12:39:09', 0, '2019-12-21 12:39:09', '2019-12-21 12:39:09', NULL),
(54, 64, '111111', 'login', '2019-12-21 12:41:30', 0, '2019-12-21 12:41:30', '2019-12-21 12:41:30', NULL),
(55, 65, '111111', 'login', '2019-12-21 12:43:00', 0, '2019-12-21 12:43:00', '2019-12-21 12:43:00', NULL),
(56, 66, '111111', 'login', '2019-12-21 12:44:31', 0, '2019-12-21 12:44:31', '2019-12-21 12:44:31', NULL),
(57, 67, '111111', 'login', '2019-12-21 12:59:11', 0, '2019-12-21 12:59:11', '2019-12-21 12:59:11', NULL),
(58, 68, '111111', 'login', '2019-12-21 13:01:09', 0, '2019-12-21 13:01:09', '2019-12-21 13:01:09', NULL),
(59, 69, '111111', 'login', '2019-12-21 13:05:59', 0, '2019-12-21 13:05:59', '2019-12-21 13:05:59', NULL),
(60, 70, '111111', 'login', '2019-12-21 13:12:11', 0, '2019-12-21 13:12:11', '2019-12-21 13:12:11', NULL),
(61, 71, '111111', 'login', '2019-12-21 13:20:30', 0, '2019-12-21 13:20:30', '2019-12-21 13:20:30', NULL),
(62, 72, '111111', 'login', '2019-12-21 13:23:14', 0, '2019-12-21 13:23:14', '2019-12-21 13:23:14', NULL),
(63, 73, '111111', 'login', '2019-12-21 13:25:16', 0, '2019-12-21 13:25:16', '2019-12-21 13:25:16', NULL),
(64, 74, '111111', 'login', '2019-12-21 13:28:25', 0, '2019-12-21 13:28:25', '2019-12-21 13:28:25', NULL),
(65, 75, '111111', 'login', '2019-12-21 13:30:20', 0, '2019-12-21 13:30:20', '2019-12-21 13:30:20', NULL),
(66, 76, '111111', 'login', '2019-12-21 13:31:11', 0, '2019-12-21 13:31:11', '2019-12-21 13:31:11', NULL),
(67, 77, '111111', 'login', '2019-12-21 13:34:02', 0, '2019-12-21 13:34:02', '2019-12-21 13:34:02', NULL),
(68, 78, '111111', 'login', '2019-12-21 13:37:29', 0, '2019-12-21 13:37:29', '2019-12-21 13:37:29', NULL),
(69, 79, '111111', 'login', '2019-12-21 13:42:38', 0, '2019-12-21 13:42:38', '2019-12-21 13:42:38', NULL),
(70, 80, '111111', 'login', '2019-12-21 13:43:49', 0, '2019-12-21 13:43:49', '2019-12-21 13:43:49', NULL),
(71, 81, '111111', 'login', '2019-12-21 13:46:56', 0, '2019-12-21 13:46:56', '2019-12-21 13:46:56', NULL),
(72, 82, '111111', 'login', '2019-12-22 09:35:22', 0, '2019-12-22 09:35:22', '2019-12-22 09:35:22', NULL),
(73, 83, '111111', 'login', '2019-12-22 17:02:11', 0, '2019-12-22 17:02:11', '2019-12-22 17:02:11', NULL),
(74, 84, '111111', 'login', '2019-12-23 05:22:11', 0, '2019-12-23 05:22:11', '2019-12-23 05:22:11', NULL),
(75, 85, '111111', 'login', '2019-12-23 05:37:16', 0, '2019-12-23 05:37:16', '2019-12-23 05:37:16', NULL),
(76, 86, '111111', 'login', '2019-12-23 05:40:16', 0, '2019-12-23 05:40:16', '2019-12-23 05:40:16', NULL),
(77, 87, '111111', 'login', '2019-12-23 05:42:55', 0, '2019-12-23 05:42:55', '2019-12-23 05:42:55', NULL),
(78, 88, '111111', 'login', '2019-12-23 05:59:33', 0, '2019-12-23 05:59:33', '2019-12-23 05:59:33', NULL),
(79, 89, '111111', 'login', '2019-12-23 06:02:49', 0, '2019-12-23 06:02:49', '2019-12-23 06:02:49', NULL),
(80, 90, '111111', 'login', '2019-12-23 06:04:33', 0, '2019-12-23 06:04:33', '2019-12-23 06:04:33', NULL),
(81, 91, '111111', 'login', '2019-12-23 06:11:34', 0, '2019-12-23 06:11:34', '2019-12-23 06:11:34', NULL),
(82, 92, '111111', 'login', '2019-12-23 06:13:57', 0, '2019-12-23 06:13:57', '2019-12-23 06:13:57', NULL),
(83, 93, '111111', 'login', '2019-12-23 06:23:25', 1, '2019-12-23 06:23:25', '2019-12-23 06:23:33', NULL),
(84, 94, '111111', 'login', '2019-12-23 06:25:47', 1, '2019-12-23 06:25:47', '2019-12-23 06:26:02', NULL),
(85, 94, '111111', 'login', '2019-12-23 06:26:28', 1, '2019-12-23 06:26:28', '2019-12-23 06:26:29', NULL),
(86, 95, '111111', 'login', '2019-12-23 06:32:05', 1, '2019-12-23 06:32:05', '2019-12-23 06:32:07', NULL),
(87, 96, '111111', 'login', '2019-12-23 07:01:31', 1, '2019-12-23 07:01:31', '2019-12-23 07:01:38', NULL),
(88, 97, '111111', 'login', '2019-12-23 07:02:04', 1, '2019-12-23 07:02:04', '2019-12-23 07:02:46', NULL),
(89, 97, '111111', 'login', '2019-12-23 07:03:13', 1, '2019-12-23 07:03:13', '2019-12-23 07:03:20', NULL),
(90, 98, '111111', 'login', '2019-12-23 07:08:42', 0, '2019-12-23 07:08:42', '2019-12-23 07:08:42', NULL),
(91, 99, '111111', 'login', '2019-12-23 07:09:23', 0, '2019-12-23 07:09:23', '2019-12-23 07:09:23', NULL),
(92, 100, '111111', 'login', '2019-12-23 07:10:33', 1, '2019-12-23 07:10:33', '2019-12-23 07:10:40', NULL),
(93, 101, '111111', 'login', '2019-12-23 07:20:34', 1, '2019-12-23 07:20:34', '2019-12-23 07:20:42', NULL),
(94, 102, '111111', 'login', '2019-12-23 07:33:34', 1, '2019-12-23 07:33:34', '2019-12-23 07:33:39', NULL),
(95, 103, '111111', 'login', '2019-12-23 07:38:07', 1, '2019-12-23 07:38:07', '2019-12-23 07:38:12', NULL),
(96, 104, '111111', 'login', '2019-12-23 07:38:40', 0, '2019-12-23 07:38:40', '2019-12-23 07:38:40', NULL),
(97, 105, '111111', 'login', '2019-12-23 07:40:55', 1, '2019-12-23 07:40:55', '2019-12-23 07:41:02', NULL),
(98, 106, '111111', 'login', '2019-12-23 07:46:28', 1, '2019-12-23 07:46:28', '2019-12-23 07:46:34', NULL),
(99, 107, '111111', 'login', '2019-12-23 07:47:47', 1, '2019-12-23 07:47:47', '2019-12-23 07:47:51', NULL),
(100, 108, '111111', 'login', '2019-12-23 07:49:29', 1, '2019-12-23 07:49:29', '2019-12-23 07:49:35', NULL),
(101, 109, '111111', 'login', '2019-12-23 07:51:10', 1, '2019-12-23 07:51:10', '2019-12-23 07:51:15', NULL),
(102, 110, '111111', 'login', '2019-12-23 07:54:53', 1, '2019-12-23 07:54:53', '2019-12-23 07:54:57', NULL),
(103, 7, '111111', 'login', '2019-12-23 07:57:33', 1, '2019-12-23 07:57:33', '2019-12-23 07:57:43', NULL),
(104, 111, '111111', 'login', '2019-12-23 07:58:56', 1, '2019-12-23 07:58:56', '2019-12-23 07:59:01', NULL),
(105, 112, '111111', 'login', '2019-12-23 08:00:18', 1, '2019-12-23 08:00:18', '2019-12-23 08:00:23', NULL),
(106, 112, '111111', 'login', '2019-12-23 08:01:30', 1, '2019-12-23 08:01:30', '2019-12-23 08:01:36', NULL),
(107, 113, '111111', 'login', '2019-12-23 08:02:25', 1, '2019-12-23 08:02:25', '2019-12-23 08:02:31', NULL),
(108, 114, '111111', 'login', '2019-12-23 08:02:44', 1, '2019-12-23 08:02:44', '2019-12-23 08:02:49', NULL),
(109, 115, '111111', 'login', '2019-12-23 08:04:22', 1, '2019-12-23 08:04:22', '2019-12-23 08:04:28', NULL),
(110, 115, '111111', 'login', '2019-12-23 08:05:14', 1, '2019-12-23 08:05:14', '2019-12-23 08:05:19', NULL),
(111, 116, '111111', 'login', '2019-12-23 08:11:03', 1, '2019-12-23 08:11:03', '2019-12-23 08:11:07', NULL),
(112, 117, '111111', 'login', '2019-12-23 08:13:15', 1, '2019-12-23 08:13:15', '2019-12-23 08:13:20', NULL),
(113, 118, '111111', 'login', '2019-12-23 08:14:32', 1, '2019-12-23 08:14:32', '2019-12-23 08:14:36', NULL),
(114, 119, '111111', 'login', '2019-12-23 08:15:59', 1, '2019-12-23 08:15:59', '2019-12-23 08:16:05', NULL),
(115, 120, '111111', 'login', '2019-12-23 08:17:24', 1, '2019-12-23 08:17:24', '2019-12-23 08:17:30', NULL),
(116, 121, '111111', 'login', '2019-12-23 09:02:35', 1, '2019-12-23 09:02:35', '2019-12-23 09:02:40', NULL),
(117, 122, '111111', 'login', '2019-12-23 09:03:58', 1, '2019-12-23 09:03:58', '2019-12-23 09:04:03', NULL),
(118, 123, '111111', 'login', '2019-12-23 09:07:39', 1, '2019-12-23 09:07:39', '2019-12-23 09:07:43', NULL),
(119, 124, '111111', 'login', '2019-12-23 09:08:52', 1, '2019-12-23 09:08:52', '2019-12-23 09:08:57', NULL),
(120, 125, '111111', 'login', '2019-12-23 09:29:48', 1, '2019-12-23 09:29:48', '2019-12-23 09:30:09', NULL),
(121, 126, '111111', 'login', '2019-12-23 09:32:48', 1, '2019-12-23 09:32:48', '2019-12-23 09:32:53', NULL),
(122, 127, '111111', 'login', '2019-12-23 09:36:44', 1, '2019-12-23 09:36:44', '2019-12-23 09:36:48', NULL),
(123, 128, '111111', 'login', '2019-12-23 09:46:45', 1, '2019-12-23 09:46:45', '2019-12-23 09:46:50', NULL),
(124, 129, '111111', 'login', '2019-12-23 09:53:13', 1, '2019-12-23 09:53:13', '2019-12-23 09:53:18', NULL),
(125, 130, '111111', 'login', '2019-12-23 10:05:02', 1, '2019-12-23 10:05:02', '2019-12-23 10:05:07', NULL),
(126, 131, '111111', 'login', '2019-12-23 10:08:31', 1, '2019-12-23 10:08:31', '2019-12-23 10:08:36', NULL),
(127, 132, '111111', 'login', '2019-12-23 10:12:03', 1, '2019-12-23 10:12:03', '2019-12-23 10:12:11', NULL),
(128, 133, '111111', 'login', '2019-12-23 10:16:46', 1, '2019-12-23 10:16:46', '2019-12-23 10:16:50', NULL),
(129, 134, '111111', 'login', '2019-12-23 10:20:29', 1, '2019-12-23 10:20:29', '2019-12-23 10:20:34', NULL),
(130, 135, '111111', 'login', '2019-12-23 10:24:58', 1, '2019-12-23 10:24:58', '2019-12-23 10:25:04', NULL),
(131, 136, '111111', 'login', '2019-12-23 10:37:45', 1, '2019-12-23 10:37:45', '2019-12-23 10:37:50', NULL),
(132, 137, '111111', 'login', '2019-12-23 10:46:42', 1, '2019-12-23 10:46:42', '2019-12-23 10:46:47', NULL),
(133, 138, '111111', 'login', '2019-12-23 10:51:15', 1, '2019-12-23 10:51:15', '2019-12-23 10:51:20', NULL),
(134, 139, '111111', 'login', '2019-12-23 11:00:13', 1, '2019-12-23 11:00:13', '2019-12-23 11:00:20', NULL),
(135, 140, '111111', 'login', '2019-12-23 11:02:12', 1, '2019-12-23 11:02:12', '2019-12-23 11:02:17', NULL),
(136, 141, '111111', 'login', '2019-12-23 11:08:01', 1, '2019-12-23 11:08:01', '2019-12-23 11:08:05', NULL),
(137, 142, '111111', 'login', '2019-12-23 11:14:28', 1, '2019-12-23 11:14:28', '2019-12-23 11:14:36', NULL),
(138, 143, '111111', 'login', '2019-12-23 11:21:14', 1, '2019-12-23 11:21:14', '2019-12-23 11:21:21', NULL),
(139, 144, '111111', 'login', '2019-12-23 11:24:13', 1, '2019-12-23 11:24:13', '2019-12-23 11:24:17', NULL),
(140, 145, '111111', 'login', '2019-12-23 11:26:41', 1, '2019-12-23 11:26:41', '2019-12-23 11:26:45', NULL),
(141, 146, '111111', 'login', '2019-12-23 11:31:44', 1, '2019-12-23 11:31:44', '2019-12-23 11:31:48', NULL),
(142, 147, '111111', 'login', '2019-12-23 11:39:12', 1, '2019-12-23 11:39:12', '2019-12-23 11:39:16', NULL),
(143, 148, '111111', 'login', '2019-12-23 11:41:38', 1, '2019-12-23 11:41:38', '2019-12-23 11:41:42', NULL),
(144, 149, '111111', 'login', '2019-12-23 11:47:23', 1, '2019-12-23 11:47:23', '2019-12-23 11:47:27', NULL),
(145, 150, '111111', 'login', '2019-12-23 11:51:47', 1, '2019-12-23 11:51:47', '2019-12-23 11:51:52', NULL),
(146, 151, '111111', 'login', '2019-12-23 11:53:00', 1, '2019-12-23 11:53:00', '2019-12-23 11:53:04', NULL),
(147, 152, '111111', 'login', '2019-12-23 12:00:52', 1, '2019-12-23 12:00:52', '2019-12-23 12:00:57', NULL),
(148, 153, '111111', 'login', '2019-12-23 12:11:21', 1, '2019-12-23 12:11:21', '2019-12-23 12:11:29', NULL),
(149, 154, '111111', 'login', '2019-12-23 12:12:46', 1, '2019-12-23 12:12:46', '2019-12-23 12:12:51', NULL),
(150, 155, '111111', 'login', '2019-12-23 12:22:06', 1, '2019-12-23 12:22:06', '2019-12-23 12:22:11', NULL),
(151, 156, '111111', 'login', '2019-12-23 12:23:53', 1, '2019-12-23 12:23:53', '2019-12-23 12:24:00', NULL),
(152, 157, '111111', 'login', '2019-12-23 12:35:50', 1, '2019-12-23 12:35:50', '2019-12-23 12:36:07', NULL),
(153, 158, '111111', 'login', '2019-12-23 12:38:32', 1, '2019-12-23 12:38:32', '2019-12-23 12:38:49', NULL),
(154, 159, '111111', 'login', '2019-12-23 12:43:33', 1, '2019-12-23 12:43:33', '2019-12-23 12:43:38', NULL),
(155, 160, '111111', 'login', '2019-12-23 12:50:53', 1, '2019-12-23 12:50:53', '2019-12-23 12:50:57', NULL),
(156, 161, '111111', 'login', '2019-12-23 12:52:07', 1, '2019-12-23 12:52:07', '2019-12-23 12:52:12', NULL),
(157, 162, '111111', 'login', '2019-12-23 12:55:14', 1, '2019-12-23 12:55:14', '2019-12-23 12:55:18', NULL),
(158, 163, '111111', 'login', '2019-12-23 12:56:28', 1, '2019-12-23 12:56:28', '2019-12-23 12:56:32', NULL),
(159, 164, '111111', 'login', '2019-12-23 12:57:58', 1, '2019-12-23 12:57:58', '2019-12-23 12:58:02', NULL),
(160, 165, '111111', 'login', '2019-12-23 13:00:08', 1, '2019-12-23 13:00:08', '2019-12-23 13:00:12', NULL),
(161, 166, '111111', 'login', '2019-12-23 13:02:20', 1, '2019-12-23 13:02:20', '2019-12-23 13:02:24', NULL),
(162, 167, '111111', 'login', '2019-12-23 13:05:05', 1, '2019-12-23 13:05:05', '2019-12-23 13:05:10', NULL),
(163, 168, '111111', 'login', '2019-12-23 13:06:59', 1, '2019-12-23 13:06:59', '2019-12-23 13:07:03', NULL),
(164, 169, '111111', 'login', '2019-12-23 13:07:55', 1, '2019-12-23 13:07:55', '2019-12-23 13:08:02', NULL),
(165, 170, '111111', 'login', '2019-12-23 13:09:32', 0, '2019-12-23 13:09:32', '2019-12-23 13:09:32', NULL),
(166, 171, '111111', 'login', '2019-12-23 13:10:24', 1, '2019-12-23 13:10:24', '2019-12-23 13:10:28', NULL),
(167, 172, '111111', 'login', '2019-12-23 13:13:48', 1, '2019-12-23 13:13:48', '2019-12-23 13:13:51', NULL),
(168, 173, '111111', 'login', '2019-12-23 13:15:24', 1, '2019-12-23 13:15:24', '2019-12-23 13:15:28', NULL),
(169, 174, '111111', 'login', '2019-12-23 13:19:42', 1, '2019-12-23 13:19:42', '2019-12-23 13:19:48', NULL),
(170, 175, '111111', 'login', '2019-12-23 13:22:43', 1, '2019-12-23 13:22:43', '2019-12-23 13:22:47', NULL),
(171, 176, '111111', 'login', '2019-12-23 13:23:35', 1, '2019-12-23 13:23:35', '2019-12-23 13:23:39', NULL),
(172, 177, '111111', 'login', '2019-12-23 13:27:44', 1, '2019-12-23 13:27:44', '2019-12-23 13:27:48', NULL),
(173, 178, '111111', 'login', '2019-12-23 13:38:37', 1, '2019-12-23 13:38:37', '2019-12-23 13:38:43', NULL),
(174, 179, '111111', 'login', '2019-12-23 13:45:54', 1, '2019-12-23 13:45:54', '2019-12-23 13:45:58', NULL),
(175, 180, '111111', 'login', '2019-12-23 13:47:26', 1, '2019-12-23 13:47:26', '2019-12-23 13:47:31', NULL),
(176, 181, '111111', 'login', '2019-12-23 13:48:35', 1, '2019-12-23 13:48:35', '2019-12-23 13:48:38', NULL),
(177, 182, '111111', 'login', '2019-12-23 14:05:33', 1, '2019-12-23 14:05:33', '2019-12-23 14:05:38', NULL),
(178, 183, '111111', 'login', '2019-12-23 14:07:56', 1, '2019-12-23 14:07:56', '2019-12-23 14:08:00', NULL),
(179, 184, '111111', 'login', '2019-12-23 14:09:08', 1, '2019-12-23 14:09:08', '2019-12-23 14:09:12', NULL),
(180, 185, '111111', 'login', '2019-12-24 05:23:34', 1, '2019-12-24 05:23:34', '2019-12-24 05:23:40', NULL),
(181, 186, '111111', 'login', '2019-12-24 05:41:40', 0, '2019-12-24 05:41:40', '2019-12-24 05:41:40', NULL),
(182, 187, '111111', 'login', '2019-12-24 05:49:39', 1, '2019-12-24 05:49:39', '2019-12-24 05:49:46', NULL),
(183, 187, '111111', 'login', '2019-12-24 05:55:06', 1, '2019-12-24 05:55:06', '2019-12-24 05:55:22', NULL),
(184, 188, '111111', 'login', '2019-12-24 05:58:20', 1, '2019-12-24 05:58:20', '2019-12-24 05:58:24', NULL),
(185, 189, '111111', 'login', '2019-12-24 06:22:16', 1, '2019-12-24 06:22:16', '2019-12-24 06:22:53', NULL),
(186, 190, '111111', 'login', '2019-12-24 06:36:30', 1, '2019-12-24 06:36:30', '2019-12-24 06:36:40', NULL),
(187, 189, '111111', 'login', '2019-12-24 06:38:45', 1, '2019-12-24 06:38:45', '2019-12-24 06:38:50', NULL),
(188, 189, '111111', 'login', '2019-12-24 06:42:31', 1, '2019-12-24 06:42:31', '2019-12-24 06:42:35', NULL),
(189, 191, '111111', 'login', '2019-12-24 06:48:10', 1, '2019-12-24 06:48:10', '2019-12-24 06:48:16', NULL),
(190, 191, '111111', 'login', '2019-12-24 06:53:32', 1, '2019-12-24 06:53:32', '2019-12-24 06:53:36', NULL),
(191, 189, '111111', 'login', '2019-12-24 06:55:34', 1, '2019-12-24 06:55:34', '2019-12-24 06:55:39', NULL),
(192, 189, '111111', 'login', '2019-12-24 06:57:11', 1, '2019-12-24 06:57:11', '2019-12-24 06:57:17', NULL),
(193, 189, '111111', 'login', '2019-12-24 07:04:16', 1, '2019-12-24 07:04:16', '2019-12-24 07:04:32', NULL),
(194, 192, '111111', 'login', '2019-12-24 07:31:41', 1, '2019-12-24 07:31:41', '2019-12-24 07:31:52', NULL),
(195, 189, '111111', 'login', '2019-12-24 07:34:06', 1, '2019-12-24 07:34:06', '2019-12-24 07:34:11', NULL),
(196, 189, '111111', 'login', '2019-12-24 07:38:52', 1, '2019-12-24 07:38:52', '2019-12-24 07:38:57', NULL),
(197, 189, '111111', 'login', '2019-12-24 07:57:01', 1, '2019-12-24 07:57:01', '2019-12-24 07:57:07', NULL),
(198, 189, '111111', 'login', '2019-12-24 08:00:46', 1, '2019-12-24 08:00:46', '2019-12-24 08:00:52', NULL),
(199, 189, '111111', 'login', '2019-12-24 08:04:39', 1, '2019-12-24 08:04:39', '2019-12-24 08:04:45', NULL),
(200, 191, '111111', 'login', '2019-12-24 08:08:31', 1, '2019-12-24 08:08:31', '2019-12-24 08:08:36', NULL),
(201, 189, '111111', 'login', '2019-12-24 08:09:30', 1, '2019-12-24 08:09:30', '2019-12-24 08:09:35', NULL),
(202, 189, '111111', 'login', '2019-12-24 08:23:34', 1, '2019-12-24 08:23:34', '2019-12-24 08:23:39', NULL),
(203, 189, '111111', 'login', '2019-12-24 08:48:21', 1, '2019-12-24 08:48:21', '2019-12-24 08:48:28', NULL),
(204, 189, '111111', 'login', '2019-12-24 08:57:04', 1, '2019-12-24 08:57:04', '2019-12-24 08:57:09', NULL),
(205, 193, '111111', 'login', '2019-12-24 09:00:07', 1, '2019-12-24 09:00:07', '2019-12-24 09:00:12', NULL),
(206, 189, '111111', 'login', '2019-12-24 09:03:05', 1, '2019-12-24 09:03:05', '2019-12-24 09:03:10', NULL),
(207, 194, '111111', 'login', '2019-12-24 09:15:02', 0, '2019-12-24 09:15:02', '2019-12-24 09:15:02', NULL),
(208, 189, '111111', 'login', '2019-12-24 09:15:16', 1, '2019-12-24 09:15:16', '2019-12-24 09:15:21', NULL),
(209, 189, '111111', 'login', '2019-12-24 09:36:00', 1, '2019-12-24 09:36:00', '2019-12-24 09:36:06', NULL),
(210, 189, '111111', 'login', '2019-12-24 09:40:46', 1, '2019-12-24 09:40:46', '2019-12-24 09:40:51', NULL),
(211, 189, '111111', 'login', '2019-12-24 09:49:06', 1, '2019-12-24 09:49:06', '2019-12-24 09:49:11', NULL),
(212, 189, '111111', 'login', '2019-12-24 09:55:05', 1, '2019-12-24 09:55:05', '2019-12-24 09:55:10', NULL),
(213, 191, '111111', 'login', '2019-12-24 09:57:01', 1, '2019-12-24 09:57:01', '2019-12-24 09:57:07', NULL),
(214, 195, '111111', 'login', '2019-12-24 10:02:36', 1, '2019-12-24 10:02:36', '2019-12-24 10:02:41', NULL),
(215, 191, '111111', 'login', '2019-12-24 10:03:56', 1, '2019-12-24 10:03:56', '2019-12-24 10:04:02', NULL),
(216, 196, '111111', 'login', '2019-12-24 10:05:23', 1, '2019-12-24 10:05:23', '2019-12-24 10:05:32', NULL),
(217, 191, '111111', 'login', '2019-12-24 10:08:35', 1, '2019-12-24 10:08:35', '2019-12-24 10:08:40', NULL),
(218, 189, '111111', 'login', '2019-12-24 10:15:13', 1, '2019-12-24 10:15:13', '2019-12-24 10:15:19', NULL),
(219, 189, '111111', 'login', '2019-12-24 10:19:20', 1, '2019-12-24 10:19:20', '2019-12-24 10:19:25', NULL),
(220, 197, '111111', 'login', '2019-12-24 10:21:10', 1, '2019-12-24 10:21:10', '2019-12-24 10:21:16', NULL),
(221, 189, '111111', 'login', '2019-12-24 10:22:37', 1, '2019-12-24 10:22:37', '2019-12-24 10:22:43', NULL),
(222, 191, '111111', 'login', '2019-12-24 10:26:07', 1, '2019-12-24 10:26:07', '2019-12-24 10:26:12', NULL),
(223, 189, '111111', 'login', '2019-12-24 10:29:17', 1, '2019-12-24 10:29:17', '2019-12-24 10:29:23', NULL),
(224, 189, '111111', 'login', '2019-12-24 10:32:24', 1, '2019-12-24 10:32:24', '2019-12-24 10:32:29', NULL),
(225, 189, '111111', 'login', '2019-12-24 10:38:14', 1, '2019-12-24 10:38:14', '2019-12-24 10:38:21', NULL),
(226, 189, '111111', 'login', '2019-12-24 10:45:18', 1, '2019-12-24 10:45:18', '2019-12-24 10:45:23', NULL),
(227, 189, '111111', 'login', '2019-12-24 10:47:38', 1, '2019-12-24 10:47:38', '2019-12-24 10:47:45', NULL),
(228, 189, '111111', 'login', '2019-12-24 10:54:56', 1, '2019-12-24 10:54:56', '2019-12-24 10:55:03', NULL),
(229, 189, '111111', 'login', '2019-12-24 11:00:08', 1, '2019-12-24 11:00:08', '2019-12-24 11:00:14', NULL),
(230, 198, '111111', 'login', '2019-12-24 11:02:24', 1, '2019-12-24 11:02:24', '2019-12-24 11:02:31', NULL),
(231, 197, '111111', 'login', '2019-12-24 11:12:56', 1, '2019-12-24 11:12:56', '2019-12-24 11:13:03', NULL),
(232, 189, '111111', 'login', '2019-12-24 11:24:55', 1, '2019-12-24 11:24:55', '2019-12-24 11:25:00', NULL),
(233, 198, '111111', 'login', '2019-12-24 11:26:26', 1, '2019-12-24 11:26:26', '2019-12-24 11:26:31', NULL),
(234, 189, '111111', 'login', '2019-12-24 11:32:14', 1, '2019-12-24 11:32:14', '2019-12-24 11:32:21', NULL),
(235, 199, '111111', 'login', '2019-12-24 11:42:24', 1, '2019-12-24 11:42:24', '2019-12-24 11:42:30', NULL),
(236, 191, '111111', 'login', '2019-12-24 11:58:51', 1, '2019-12-24 11:58:51', '2019-12-24 11:58:56', NULL),
(237, 189, '111111', 'login', '2019-12-24 12:00:09', 1, '2019-12-24 12:00:09', '2019-12-24 12:00:16', NULL),
(238, 189, '111111', 'login', '2019-12-24 12:01:35', 1, '2019-12-24 12:01:35', '2019-12-24 12:01:40', NULL),
(239, 200, '111111', 'login', '2019-12-24 12:02:39', 1, '2019-12-24 12:02:39', '2019-12-24 12:02:45', NULL),
(240, 200, '111111', 'login', '2019-12-24 12:07:30', 1, '2019-12-24 12:07:30', '2019-12-24 12:07:35', NULL),
(241, 200, '111111', 'login', '2019-12-24 12:11:27', 1, '2019-12-24 12:11:27', '2019-12-24 12:11:33', NULL),
(242, 200, '111111', 'login', '2019-12-24 12:13:32', 1, '2019-12-24 12:13:32', '2019-12-24 12:13:45', NULL),
(243, 200, '111111', 'login', '2019-12-24 12:22:36', 1, '2019-12-24 12:22:36', '2019-12-24 12:22:47', NULL),
(244, 200, '111111', 'login', '2019-12-24 12:24:12', 1, '2019-12-24 12:24:12', '2019-12-24 12:24:20', NULL),
(245, 200, '111111', 'login', '2019-12-24 12:25:34', 1, '2019-12-24 12:25:34', '2019-12-24 12:25:40', NULL),
(246, 200, '111111', 'login', '2019-12-24 12:31:05', 1, '2019-12-24 12:31:05', '2019-12-24 12:31:13', NULL),
(247, 200, '111111', 'login', '2019-12-24 12:49:19', 1, '2019-12-24 12:49:19', '2019-12-24 12:49:24', NULL),
(248, 189, '111111', 'login', '2019-12-24 13:06:58', 1, '2019-12-24 13:06:58', '2019-12-24 13:07:06', NULL),
(249, 189, '111111', 'login', '2019-12-24 13:10:08', 1, '2019-12-24 13:10:08', '2019-12-24 13:10:14', NULL),
(250, 189, '111111', 'login', '2019-12-24 13:12:13', 1, '2019-12-24 13:12:13', '2019-12-24 13:12:19', NULL),
(251, 189, '111111', 'login', '2019-12-24 13:23:42', 1, '2019-12-24 13:23:42', '2019-12-24 13:23:49', NULL),
(252, 200, '111111', 'login', '2019-12-24 13:28:07', 1, '2019-12-24 13:28:07', '2019-12-24 13:28:13', NULL),
(253, 189, '111111', 'login', '2019-12-24 13:44:58', 1, '2019-12-24 13:44:58', '2019-12-24 13:45:23', NULL),
(254, 200, '111111', 'login', '2019-12-24 17:38:45', 1, '2019-12-24 17:38:45', '2019-12-24 17:39:02', NULL),
(255, 200, '111111', 'login', '2019-12-24 18:00:17', 1, '2019-12-24 18:00:17', '2019-12-24 18:00:44', NULL),
(256, 200, '111111', 'login', '2019-12-24 18:11:43', 1, '2019-12-24 18:11:43', '2019-12-24 18:11:51', NULL),
(257, 200, '111111', 'login', '2019-12-24 18:15:24', 1, '2019-12-24 18:15:24', '2019-12-24 18:15:35', NULL),
(258, 189, '111111', 'login', '2019-12-25 05:11:59', 1, '2019-12-25 05:11:59', '2019-12-25 05:12:38', NULL),
(259, 189, '111111', 'login', '2019-12-25 05:25:32', 1, '2019-12-25 05:25:32', '2019-12-25 05:25:46', NULL),
(260, 189, '111111', 'login', '2019-12-25 05:36:36', 1, '2019-12-25 05:36:36', '2019-12-25 05:36:43', NULL),
(261, 189, '111111', 'login', '2019-12-25 05:38:44', 1, '2019-12-25 05:38:44', '2019-12-25 05:38:50', NULL),
(262, 189, '111111', 'login', '2019-12-25 05:44:22', 1, '2019-12-25 05:44:22', '2019-12-25 05:44:29', NULL),
(263, 191, '111111', 'login', '2019-12-25 05:48:45', 1, '2019-12-25 05:48:45', '2019-12-25 05:48:50', NULL),
(264, 191, '111111', 'login', '2019-12-25 05:50:32', 1, '2019-12-25 05:50:32', '2019-12-25 05:50:39', NULL),
(265, 189, '111111', 'login', '2019-12-25 05:52:52', 1, '2019-12-25 05:52:52', '2019-12-25 05:52:58', NULL),
(266, 189, '111111', 'login', '2019-12-25 05:54:15', 1, '2019-12-25 05:54:15', '2019-12-25 05:54:24', NULL),
(267, 189, '111111', 'login', '2019-12-25 05:57:00', 1, '2019-12-25 05:57:00', '2019-12-25 05:57:08', NULL),
(268, 189, '111111', 'login', '2019-12-25 06:28:16', 1, '2019-12-25 06:28:16', '2019-12-25 06:28:23', NULL),
(269, 189, '111111', 'login', '2019-12-25 06:32:58', 1, '2019-12-25 06:32:58', '2019-12-25 06:33:05', NULL),
(270, 189, '111111', 'login', '2019-12-25 06:37:22', 1, '2019-12-25 06:37:22', '2019-12-25 06:37:27', NULL),
(271, 189, '111111', 'login', '2019-12-25 06:54:36', 1, '2019-12-25 06:54:36', '2019-12-25 06:54:42', NULL),
(272, 189, '111111', 'login', '2019-12-25 07:06:13', 1, '2019-12-25 07:06:13', '2019-12-25 07:10:45', NULL),
(273, 200, '111111', 'login', '2019-12-25 07:16:58', 1, '2019-12-25 07:16:58', '2019-12-25 07:22:42', NULL),
(274, 200, '111111', 'login', '2019-12-25 07:27:56', 1, '2019-12-25 07:27:56', '2019-12-25 07:27:57', NULL),
(275, 200, '111111', 'login', '2019-12-25 07:29:45', 1, '2019-12-25 07:29:45', '2019-12-27 06:46:44', NULL),
(276, 189, '111111', 'login', '2019-12-25 07:44:36', 0, '2019-12-25 07:44:36', '2019-12-25 07:44:36', NULL),
(277, 201, '111111', 'login', '2019-12-25 08:57:13', 1, '2019-12-25 08:57:13', '2020-01-06 06:53:48', NULL),
(278, 202, '111111', 'login', '2019-12-26 05:36:54', 0, '2019-12-26 05:36:54', '2019-12-26 05:36:54', NULL),
(279, 203, '111111', 'login', '2019-12-26 14:27:58', 0, '2019-12-26 14:27:58', '2019-12-26 14:27:58', NULL),
(280, 204, '111111', 'login', '2019-12-26 14:39:31', 0, '2019-12-26 14:39:31', '2019-12-26 14:39:31', NULL),
(281, 7, '111111', 'login', '2019-12-27 06:50:00', 1, '2019-12-27 06:50:00', '2019-12-27 06:50:13', NULL),
(282, 200, '111111', 'login', '2019-12-27 06:51:07', 1, '2019-12-27 06:51:07', '2019-12-27 06:51:16', NULL),
(283, 200, '111111', 'login', '2019-12-27 06:53:58', 1, '2019-12-27 06:53:58', '2019-12-27 06:54:07', NULL),
(284, 200, '111111', 'login', '2019-12-27 07:28:15', 1, '2019-12-27 07:28:15', '2019-12-27 07:28:29', NULL),
(285, 200, '111111', 'login', '2019-12-27 07:39:14', 1, '2019-12-27 07:39:14', '2019-12-27 07:39:22', NULL),
(286, 200, '111111', 'login', '2019-12-27 07:41:10', 1, '2019-12-27 07:41:10', '2019-12-27 07:41:24', NULL),
(287, 200, '111111', 'login', '2019-12-27 07:43:44', 1, '2019-12-27 07:43:44', '2019-12-27 07:43:50', NULL),
(288, 200, '111111', 'login', '2019-12-27 07:46:32', 1, '2019-12-27 07:46:32', '2019-12-27 07:46:43', NULL),
(289, 200, '111111', 'login', '2019-12-27 07:55:53', 1, '2019-12-27 07:55:53', '2019-12-27 07:56:10', NULL),
(290, 200, '111111', 'login', '2019-12-27 07:58:37', 1, '2019-12-27 07:58:37', '2019-12-27 07:58:50', NULL),
(291, 200, '111111', 'login', '2019-12-27 08:01:36', 1, '2019-12-27 08:01:36', '2019-12-27 08:01:42', NULL),
(292, 200, '111111', 'login', '2019-12-27 08:03:02', 1, '2019-12-27 08:03:02', '2019-12-27 08:03:07', NULL),
(293, 200, '111111', 'login', '2019-12-27 08:04:48', 1, '2019-12-27 08:04:48', '2019-12-27 08:04:57', NULL),
(294, 200, '111111', 'login', '2019-12-27 08:07:24', 1, '2019-12-27 08:07:24', '2019-12-27 08:07:34', NULL),
(295, 200, '111111', 'login', '2019-12-27 08:09:13', 1, '2019-12-27 08:09:13', '2019-12-27 08:09:19', NULL),
(296, 200, '111111', 'login', '2019-12-27 08:09:40', 1, '2019-12-27 08:09:40', '2019-12-27 08:09:44', NULL),
(297, 200, '111111', 'login', '2019-12-27 08:11:28', 1, '2019-12-27 08:11:28', '2019-12-27 08:11:33', NULL),
(298, 200, '111111', 'login', '2019-12-27 08:15:00', 1, '2019-12-27 08:15:00', '2019-12-27 08:15:05', NULL),
(299, 200, '111111', 'login', '2019-12-27 08:19:02', 1, '2019-12-27 08:19:02', '2019-12-27 08:19:08', NULL),
(300, 200, '111111', 'login', '2019-12-27 09:25:39', 1, '2019-12-27 09:25:39', '2019-12-27 09:27:02', NULL),
(301, 200, '111111', 'login', '2019-12-27 09:47:29', 1, '2019-12-27 09:47:29', '2019-12-27 09:47:35', NULL),
(302, 200, '111111', 'login', '2019-12-27 09:49:25', 1, '2019-12-27 09:49:25', '2019-12-27 09:49:30', NULL),
(303, 200, '111111', 'login', '2019-12-27 09:58:57', 1, '2019-12-27 09:58:57', '2019-12-27 09:59:05', NULL),
(304, 200, '111111', 'login', '2019-12-27 10:03:06', 1, '2019-12-27 10:03:06', '2019-12-27 10:03:11', NULL),
(305, 200, '111111', 'login', '2019-12-27 10:05:55', 1, '2019-12-27 10:05:55', '2019-12-27 10:06:00', NULL),
(306, 200, '111111', 'login', '2019-12-27 10:08:59', 1, '2019-12-27 10:08:59', '2019-12-27 10:09:06', NULL),
(307, 200, '111111', 'login', '2019-12-27 10:10:53', 1, '2019-12-27 10:10:53', '2019-12-27 10:10:59', NULL),
(308, 200, '111111', 'login', '2019-12-27 10:13:36', 1, '2019-12-27 10:13:36', '2019-12-27 10:13:42', NULL),
(309, 200, '111111', 'login', '2019-12-27 10:17:52', 1, '2019-12-27 10:17:52', '2019-12-27 10:17:57', NULL),
(310, 200, '111111', 'login', '2019-12-27 10:34:42', 1, '2019-12-27 10:34:42', '2019-12-27 10:34:49', NULL),
(311, 200, '111111', 'login', '2019-12-27 10:37:47', 1, '2019-12-27 10:37:47', '2019-12-27 10:37:56', NULL),
(312, 200, '111111', 'login', '2019-12-27 11:05:08', 1, '2019-12-27 11:05:08', '2019-12-27 11:05:13', NULL),
(313, 200, '111111', 'login', '2019-12-27 11:07:32', 1, '2019-12-27 11:07:32', '2019-12-27 11:07:40', NULL),
(314, 200, '111111', 'login', '2019-12-27 11:13:17', 1, '2019-12-27 11:13:17', '2019-12-27 11:13:23', NULL),
(315, 200, '111111', 'login', '2019-12-27 11:29:35', 1, '2019-12-27 11:29:35', '2019-12-27 11:29:45', NULL),
(316, 200, '111111', 'login', '2019-12-27 11:30:03', 1, '2019-12-27 11:30:03', '2019-12-27 11:30:08', NULL),
(317, 200, '111111', 'login', '2019-12-28 06:02:29', 1, '2019-12-28 06:02:29', '2019-12-28 06:03:10', NULL),
(318, 200, '111111', 'login', '2019-12-28 06:20:05', 1, '2019-12-28 06:20:05', '2019-12-28 06:20:23', NULL),
(319, 200, '111111', 'login', '2019-12-28 06:22:59', 1, '2019-12-28 06:22:59', '2019-12-28 06:23:08', NULL),
(320, 200, '111111', 'login', '2019-12-28 06:47:03', 1, '2019-12-28 06:47:03', '2019-12-28 06:47:12', NULL),
(321, 200, '111111', 'login', '2019-12-28 07:06:14', 1, '2019-12-28 07:06:14', '2019-12-28 07:06:26', NULL),
(322, 200, '111111', 'login', '2019-12-28 07:32:10', 1, '2019-12-28 07:32:10', '2019-12-28 07:32:29', NULL),
(323, 200, '111111', 'login', '2019-12-28 08:26:09', 1, '2019-12-28 08:26:09', '2019-12-28 08:26:23', NULL),
(324, 200, '111111', 'login', '2019-12-28 08:30:33', 1, '2019-12-28 08:30:33', '2019-12-28 08:30:45', NULL),
(325, 200, '111111', 'login', '2019-12-28 09:39:02', 1, '2019-12-28 09:39:02', '2019-12-28 09:39:14', NULL),
(326, 200, '111111', 'login', '2019-12-28 09:43:07', 1, '2019-12-28 09:43:07', '2019-12-28 09:43:20', NULL),
(327, 200, '111111', 'login', '2019-12-28 09:51:42', 1, '2019-12-28 09:51:42', '2019-12-28 09:52:12', NULL),
(328, 200, '111111', 'login', '2019-12-28 10:39:28', 1, '2019-12-28 10:39:28', '2019-12-28 10:39:33', NULL),
(329, 200, '111111', 'login', '2019-12-30 05:36:53', 1, '2019-12-30 05:36:53', '2019-12-30 05:37:01', NULL),
(330, 200, '111111', 'login', '2019-12-30 05:55:19', 1, '2019-12-30 05:55:19', '2019-12-30 05:55:25', NULL),
(331, 200, '111111', 'login', '2019-12-30 06:04:54', 1, '2019-12-30 06:04:54', '2019-12-30 06:05:00', NULL),
(332, 200, '111111', 'login', '2019-12-30 06:13:04', 1, '2019-12-30 06:13:04', '2019-12-30 06:13:13', NULL),
(333, 200, '111111', 'login', '2019-12-30 06:21:52', 1, '2019-12-30 06:21:52', '2019-12-30 06:22:00', NULL),
(334, 200, '111111', 'login', '2019-12-30 06:23:27', 1, '2019-12-30 06:23:27', '2019-12-30 06:23:34', NULL),
(335, 200, '111111', 'login', '2019-12-30 06:36:05', 1, '2019-12-30 06:36:05', '2019-12-30 06:36:14', NULL),
(336, 200, '111111', 'login', '2019-12-30 06:38:52', 1, '2019-12-30 06:38:52', '2019-12-30 06:38:58', NULL),
(337, 200, '111111', 'login', '2019-12-30 06:42:18', 1, '2019-12-30 06:42:18', '2019-12-30 06:42:26', NULL),
(338, 200, '111111', 'login', '2019-12-30 06:45:55', 1, '2019-12-30 06:45:55', '2019-12-30 06:46:04', NULL),
(339, 200, '111111', 'login', '2019-12-30 06:47:28', 1, '2019-12-30 06:47:28', '2019-12-30 06:47:34', NULL),
(340, 200, '111111', 'login', '2019-12-30 06:49:13', 1, '2019-12-30 06:49:13', '2019-12-30 06:49:19', NULL),
(341, 200, '111111', 'login', '2019-12-30 06:50:09', 1, '2019-12-30 06:50:09', '2019-12-30 06:50:15', NULL),
(342, 200, '111111', 'login', '2019-12-30 06:56:46', 1, '2019-12-30 06:56:46', '2019-12-30 06:56:51', NULL),
(343, 200, '111111', 'login', '2019-12-30 06:58:55', 1, '2019-12-30 06:58:55', '2019-12-30 06:59:00', NULL),
(344, 200, '111111', 'login', '2019-12-30 07:00:20', 1, '2019-12-30 07:00:20', '2019-12-30 07:00:24', NULL),
(345, 200, '111111', 'login', '2019-12-30 07:01:01', 1, '2019-12-30 07:01:01', '2019-12-30 07:01:06', NULL),
(346, 200, '111111', 'login', '2019-12-30 07:02:35', 1, '2019-12-30 07:02:35', '2019-12-30 07:02:40', NULL),
(347, 200, '111111', 'login', '2019-12-30 07:04:22', 1, '2019-12-30 07:04:22', '2019-12-30 07:04:27', NULL),
(348, 200, '111111', 'login', '2019-12-30 07:05:46', 1, '2019-12-30 07:05:46', '2019-12-30 07:05:51', NULL),
(349, 200, '111111', 'login', '2019-12-30 07:10:42', 1, '2019-12-30 07:10:42', '2019-12-30 07:10:48', NULL),
(350, 200, '111111', 'login', '2019-12-30 07:13:15', 1, '2019-12-30 07:13:15', '2019-12-30 07:13:21', NULL),
(351, 200, '111111', 'login', '2019-12-30 07:14:14', 1, '2019-12-30 07:14:14', '2019-12-30 07:14:27', NULL),
(352, 200, '111111', 'login', '2019-12-30 07:17:19', 1, '2019-12-30 07:17:19', '2019-12-30 07:17:26', NULL),
(353, 205, '111111', 'login', '2019-12-30 07:18:50', 1, '2019-12-30 07:18:50', '2019-12-30 07:18:56', NULL),
(354, 200, '111111', 'login', '2019-12-30 07:21:28', 1, '2019-12-30 07:21:28', '2019-12-30 07:21:38', NULL),
(355, 200, '111111', 'login', '2019-12-30 07:24:26', 1, '2019-12-30 07:24:26', '2019-12-30 07:24:34', NULL),
(356, 200, '111111', 'login', '2019-12-30 07:27:42', 1, '2019-12-30 07:27:42', '2019-12-30 07:27:47', NULL),
(357, 200, '111111', 'login', '2019-12-30 07:42:18', 1, '2019-12-30 07:42:18', '2019-12-30 07:42:24', NULL),
(358, 200, '111111', 'login', '2019-12-30 07:43:50', 1, '2019-12-30 07:43:50', '2019-12-30 07:43:55', NULL),
(359, 200, '111111', 'login', '2019-12-30 07:45:51', 1, '2019-12-30 07:45:51', '2019-12-30 07:45:57', NULL),
(360, 206, '111111', 'login', '2019-12-30 07:47:09', 1, '2019-12-30 07:47:09', '2019-12-30 07:47:14', NULL),
(361, 200, '111111', 'login', '2019-12-30 07:49:00', 1, '2019-12-30 07:49:00', '2019-12-30 07:49:09', NULL),
(362, 200, '111111', 'login', '2019-12-30 08:00:19', 1, '2019-12-30 08:00:19', '2019-12-30 08:00:24', NULL),
(363, 200, '111111', 'login', '2019-12-30 08:14:56', 1, '2019-12-30 08:14:56', '2019-12-30 08:15:02', NULL),
(364, 200, '111111', 'login', '2019-12-30 08:16:54', 1, '2019-12-30 08:16:54', '2019-12-30 08:16:59', NULL),
(365, 200, '111111', 'login', '2019-12-30 08:17:57', 1, '2019-12-30 08:17:57', '2019-12-30 08:18:02', NULL),
(366, 200, '111111', 'login', '2019-12-30 08:19:44', 1, '2019-12-30 08:19:44', '2019-12-30 08:19:48', NULL),
(367, 200, '111111', 'login', '2019-12-30 08:31:06', 1, '2019-12-30 08:31:06', '2019-12-30 08:31:11', NULL),
(368, 200, '111111', 'login', '2019-12-30 08:32:31', 1, '2019-12-30 08:32:31', '2019-12-30 08:32:39', NULL),
(369, 200, '111111', 'login', '2019-12-30 08:34:38', 1, '2019-12-30 08:34:38', '2019-12-30 08:34:44', NULL),
(370, 200, '111111', 'login', '2019-12-30 08:36:57', 1, '2019-12-30 08:36:57', '2019-12-30 08:37:04', NULL),
(371, 200, '111111', 'login', '2019-12-30 08:40:03', 1, '2019-12-30 08:40:03', '2019-12-30 08:40:09', NULL),
(372, 200, '111111', 'login', '2019-12-30 08:41:18', 1, '2019-12-30 08:41:18', '2019-12-30 08:41:24', NULL),
(373, 200, '111111', 'login', '2019-12-30 08:55:22', 1, '2019-12-30 08:55:22', '2019-12-30 08:55:31', NULL),
(374, 200, '111111', 'login', '2019-12-30 08:55:50', 1, '2019-12-30 08:55:50', '2019-12-30 08:55:55', NULL),
(375, 200, '111111', 'login', '2019-12-30 09:04:04', 1, '2019-12-30 09:04:04', '2019-12-30 09:04:10', NULL),
(376, 200, '111111', 'login', '2019-12-30 09:05:22', 1, '2019-12-30 09:05:22', '2019-12-30 09:05:29', NULL),
(377, 200, '111111', 'login', '2019-12-30 09:07:01', 1, '2019-12-30 09:07:01', '2019-12-30 09:07:09', NULL),
(378, 207, '111111', 'login', '2019-12-30 09:32:43', 1, '2019-12-30 09:32:43', '2019-12-30 09:32:50', NULL),
(379, 200, '111111', 'login', '2019-12-30 09:35:50', 1, '2019-12-30 09:35:50', '2019-12-30 09:35:55', NULL),
(380, 200, '111111', 'login', '2019-12-30 09:56:27', 1, '2019-12-30 09:56:27', '2019-12-30 09:56:32', NULL),
(381, 200, '111111', 'login', '2019-12-30 09:58:47', 1, '2019-12-30 09:58:47', '2019-12-30 09:58:55', NULL),
(382, 200, '111111', 'login', '2019-12-30 10:01:37', 1, '2019-12-30 10:01:37', '2019-12-30 10:01:42', NULL),
(383, 207, '111111', 'login', '2019-12-30 10:07:22', 1, '2019-12-30 10:07:22', '2019-12-30 10:07:35', NULL),
(384, 207, '111111', 'login', '2019-12-30 10:12:23', 1, '2019-12-30 10:12:23', '2019-12-30 10:12:29', NULL),
(385, 207, '111111', 'login', '2019-12-30 10:13:41', 1, '2019-12-30 10:13:41', '2019-12-30 10:13:50', NULL),
(386, 207, '111111', 'login', '2019-12-30 10:19:47', 1, '2019-12-30 10:19:47', '2019-12-30 10:20:06', NULL),
(387, 208, '111111', 'login', '2019-12-30 10:25:29', 1, '2019-12-30 10:25:29', '2019-12-30 10:25:34', NULL),
(388, 200, '111111', 'login', '2019-12-30 10:27:27', 1, '2019-12-30 10:27:27', '2019-12-30 10:27:32', NULL),
(389, 200, '111111', 'login', '2019-12-30 10:35:33', 1, '2019-12-30 10:35:33', '2019-12-30 10:37:03', NULL),
(390, 7, '111111', 'login', '2019-12-30 10:38:12', 1, '2019-12-30 10:38:12', '2019-12-30 10:38:23', NULL),
(391, 200, '111111', 'login', '2019-12-30 10:39:36', 1, '2019-12-30 10:39:36', '2019-12-30 10:39:46', NULL),
(392, 200, '111111', 'login', '2019-12-30 10:49:11', 1, '2019-12-30 10:49:11', '2019-12-30 10:49:16', NULL),
(393, 200, '111111', 'login', '2019-12-30 11:05:45', 1, '2019-12-30 11:05:45', '2019-12-30 11:05:53', NULL),
(394, 200, '111111', 'login', '2019-12-30 11:16:06', 1, '2019-12-30 11:16:06', '2019-12-30 11:16:10', NULL),
(395, 200, '111111', 'login', '2019-12-30 11:36:36', 1, '2019-12-30 11:36:36', '2019-12-30 11:36:42', NULL),
(396, 200, '111111', 'login', '2019-12-30 11:40:45', 1, '2019-12-30 11:40:45', '2019-12-30 11:43:10', NULL),
(397, 200, '111111', 'login', '2019-12-30 11:40:45', 1, '2019-12-30 11:40:45', '2019-12-30 11:40:53', NULL),
(398, 207, '111111', 'login', '2019-12-30 11:56:47', 1, '2019-12-30 11:56:47', '2019-12-30 11:56:54', NULL),
(399, 200, '111111', 'login', '2019-12-30 12:27:33', 1, '2019-12-30 12:27:33', '2019-12-30 12:27:40', NULL),
(400, 200, '111111', 'login', '2019-12-30 12:33:45', 1, '2019-12-30 12:33:45', '2019-12-30 12:33:52', NULL),
(401, 200, '111111', 'login', '2019-12-30 12:50:47', 1, '2019-12-30 12:50:47', '2019-12-30 12:50:55', NULL),
(402, 200, '111111', 'login', '2019-12-30 12:52:11', 1, '2019-12-30 12:52:11', '2019-12-30 12:52:16', NULL),
(403, 200, '111111', 'login', '2019-12-30 12:55:51', 1, '2019-12-30 12:55:51', '2019-12-30 12:55:56', NULL),
(404, 200, '111111', 'login', '2019-12-30 13:02:30', 1, '2019-12-30 13:02:30', '2019-12-30 13:02:37', NULL),
(405, 200, '111111', 'login', '2019-12-30 13:04:30', 1, '2019-12-30 13:04:30', '2019-12-30 13:04:41', NULL),
(406, 200, '111111', 'login', '2019-12-30 13:07:59', 1, '2019-12-30 13:07:59', '2019-12-30 13:08:05', NULL),
(407, 200, '111111', 'login', '2019-12-30 13:11:39', 1, '2019-12-30 13:11:39', '2019-12-30 13:11:45', NULL),
(408, 200, '111111', 'login', '2019-12-30 18:37:17', 1, '2019-12-30 18:37:17', '2019-12-30 18:37:27', NULL),
(409, 200, '111111', 'login', '2019-12-30 18:48:13', 1, '2019-12-30 18:48:13', '2019-12-30 18:48:21', NULL),
(410, 200, '111111', 'login', '2019-12-30 19:00:53', 1, '2019-12-30 19:00:53', '2019-12-30 19:01:11', NULL),
(411, 200, '111111', 'login', '2019-12-30 19:03:36', 1, '2019-12-30 19:03:36', '2019-12-30 19:03:44', NULL),
(412, 200, '111111', 'login', '2019-12-30 19:24:21', 1, '2019-12-30 19:24:21', '2019-12-30 19:24:36', NULL),
(413, 200, '111111', 'login', '2019-12-31 05:37:25', 1, '2019-12-31 05:37:25', '2019-12-31 05:37:34', NULL),
(414, 200, '111111', 'login', '2019-12-31 06:45:01', 1, '2019-12-31 06:45:01', '2019-12-31 09:30:55', NULL),
(415, 200, '111111', 'login', '2019-12-31 06:45:01', 1, '2019-12-31 06:45:01', '2019-12-31 06:45:18', NULL),
(416, 209, '111111', 'login', '2019-12-31 09:30:27', 0, '2019-12-31 09:30:27', '2019-12-31 09:30:27', NULL),
(417, 200, '111111', 'login', '2019-12-31 10:29:08', 1, '2019-12-31 10:29:08', '2019-12-31 10:29:17', NULL),
(418, 200, '111111', 'login', '2019-12-31 11:07:23', 1, '2019-12-31 11:07:23', '2019-12-31 11:09:35', NULL),
(419, 200, '111111', 'login', '2019-12-31 11:10:58', 1, '2019-12-31 11:10:58', '2019-12-31 11:11:06', NULL),
(420, 200, '111111', 'login', '2019-12-31 11:35:32', 1, '2019-12-31 11:35:32', '2019-12-31 11:35:38', NULL),
(421, 200, '111111', 'login', '2019-12-31 11:38:26', 1, '2019-12-31 11:38:26', '2019-12-31 11:38:33', NULL),
(422, 200, '111111', 'login', '2019-12-31 11:48:40', 1, '2019-12-31 11:48:40', '2019-12-31 11:48:46', NULL),
(423, 200, '111111', 'login', '2019-12-31 11:51:43', 1, '2019-12-31 11:51:43', '2019-12-31 11:51:48', NULL),
(424, 200, '111111', 'login', '2019-12-31 11:54:38', 1, '2019-12-31 11:54:38', '2019-12-31 11:54:44', NULL),
(425, 200, '111111', 'login', '2019-12-31 12:09:47', 1, '2019-12-31 12:09:47', '2019-12-31 12:10:05', NULL),
(426, 200, '111111', 'login', '2019-12-31 12:18:00', 1, '2019-12-31 12:18:00', '2019-12-31 12:18:06', NULL),
(427, 200, '111111', 'login', '2019-12-31 12:19:12', 1, '2019-12-31 12:19:12', '2019-12-31 12:19:17', NULL),
(428, 200, '111111', 'login', '2019-12-31 12:21:40', 1, '2019-12-31 12:21:40', '2019-12-31 12:21:46', NULL),
(429, 200, '111111', 'login', '2019-12-31 12:23:29', 1, '2019-12-31 12:23:29', '2019-12-31 12:23:40', NULL),
(430, 200, '111111', 'login', '2019-12-31 12:25:33', 1, '2019-12-31 12:25:33', '2019-12-31 12:25:37', NULL),
(431, 200, '111111', 'login', '2019-12-31 12:26:51', 1, '2019-12-31 12:26:51', '2019-12-31 12:26:56', NULL),
(432, 200, '111111', 'login', '2019-12-31 12:28:41', 1, '2019-12-31 12:28:41', '2019-12-31 12:28:47', NULL),
(433, 200, '111111', 'login', '2019-12-31 12:31:07', 1, '2019-12-31 12:31:07', '2019-12-31 12:31:13', NULL),
(434, 200, '111111', 'login', '2019-12-31 12:41:44', 1, '2019-12-31 12:41:44', '2020-01-01 15:01:53', NULL),
(435, 200, '111111', 'login', '2020-01-01 18:44:33', 1, '2020-01-01 18:44:33', '2020-01-01 18:44:40', NULL),
(436, 200, '111111', 'login', '2020-01-01 19:19:51', 1, '2020-01-01 19:19:51', '2020-01-01 19:20:02', NULL),
(437, 200, '111111', 'login', '2020-01-01 19:48:27', 1, '2020-01-01 19:48:27', '2020-01-01 19:48:33', NULL),
(438, 200, '111111', 'login', '2020-01-01 19:49:34', 1, '2020-01-01 19:49:34', '2020-01-01 19:49:42', NULL),
(439, 200, '111111', 'login', '2020-01-01 19:53:29', 1, '2020-01-01 19:53:29', '2020-01-01 19:53:36', NULL),
(440, 200, '111111', 'login', '2020-01-01 19:57:34', 1, '2020-01-01 19:57:34', '2020-01-01 19:57:43', NULL),
(441, 200, '111111', 'login', '2020-01-01 20:09:16', 1, '2020-01-01 20:09:16', '2020-01-01 20:09:23', NULL),
(442, 200, '111111', 'login', '2020-01-01 20:13:26', 1, '2020-01-01 20:13:26', '2020-01-01 20:13:32', NULL),
(443, 200, '111111', 'login', '2020-01-01 20:23:42', 1, '2020-01-01 20:23:42', '2020-01-01 20:23:49', NULL),
(444, 200, '111111', 'login', '2020-01-01 20:25:50', 1, '2020-01-01 20:25:50', '2020-01-01 20:26:00', NULL),
(445, 200, '111111', 'login', '2020-01-01 20:28:07', 1, '2020-01-01 20:28:07', '2020-01-01 20:28:12', NULL),
(446, 200, '111111', 'login', '2020-01-02 05:02:30', 1, '2020-01-02 05:02:30', '2020-01-02 05:02:36', NULL),
(447, 200, '111111', 'login', '2020-01-02 05:09:56', 1, '2020-01-02 05:09:56', '2020-01-02 05:10:01', NULL),
(448, 200, '111111', 'login', '2020-01-02 05:11:11', 1, '2020-01-02 05:11:11', '2020-01-02 05:11:19', NULL),
(449, 200, '111111', 'login', '2020-01-02 05:15:35', 1, '2020-01-02 05:15:35', '2020-01-02 05:15:44', NULL),
(450, 200, '111111', 'login', '2020-01-02 05:19:56', 1, '2020-01-02 05:19:56', '2020-01-02 05:20:01', NULL),
(451, 200, '111111', 'login', '2020-01-02 05:38:45', 1, '2020-01-02 05:38:45', '2020-01-02 05:38:50', NULL),
(452, 200, '111111', 'login', '2020-01-02 05:48:03', 1, '2020-01-02 05:48:03', '2020-01-02 05:48:14', NULL),
(453, 200, '111111', 'login', '2020-01-02 05:48:57', 1, '2020-01-02 05:48:57', '2020-01-02 05:49:03', NULL),
(454, 200, '111111', 'login', '2020-01-02 08:06:34', 1, '2020-01-02 08:06:34', '2020-01-02 08:06:39', NULL),
(455, 200, '111111', 'login', '2020-01-02 08:15:05', 1, '2020-01-02 08:15:05', '2020-01-02 08:15:16', NULL),
(456, 200, '111111', 'login', '2020-01-02 08:16:14', 1, '2020-01-02 08:16:14', '2020-01-02 08:16:22', NULL),
(457, 200, '111111', 'login', '2020-01-02 08:17:14', 1, '2020-01-02 08:17:14', '2020-01-02 08:17:19', NULL),
(458, 200, '111111', 'login', '2020-01-02 08:24:10', 1, '2020-01-02 08:24:10', '2020-01-02 08:24:15', NULL),
(459, 200, '111111', 'login', '2020-01-02 08:25:35', 1, '2020-01-02 08:25:35', '2020-01-02 08:25:40', NULL),
(460, 200, '111111', 'login', '2020-01-02 09:06:20', 1, '2020-01-02 09:06:20', '2020-01-02 09:06:26', NULL),
(461, 200, '111111', 'login', '2020-01-02 09:13:10', 1, '2020-01-02 09:13:10', '2020-01-02 09:13:18', NULL),
(462, 200, '111111', 'login', '2020-01-02 09:17:02', 1, '2020-01-02 09:17:02', '2020-01-02 09:17:08', NULL),
(463, 200, '111111', 'login', '2020-01-02 09:22:17', 1, '2020-01-02 09:22:17', '2020-01-02 09:22:22', NULL),
(464, 200, '111111', 'login', '2020-01-02 09:26:02', 1, '2020-01-02 09:26:02', '2020-01-02 09:26:15', NULL),
(465, 200, '111111', 'login', '2020-01-02 09:32:27', 1, '2020-01-02 09:32:27', '2020-01-02 09:32:38', NULL),
(466, 200, '111111', 'login', '2020-01-02 09:41:47', 1, '2020-01-02 09:41:47', '2020-01-02 09:41:53', NULL),
(467, 200, '111111', 'login', '2020-01-02 09:43:09', 1, '2020-01-02 09:43:09', '2020-01-02 09:43:15', NULL),
(468, 200, '111111', 'login', '2020-01-02 09:44:52', 1, '2020-01-02 09:44:52', '2020-01-02 09:44:56', NULL);
INSERT INTO `otps` (`id`, `user_id`, `otp`, `type`, `expiry`, `isverified`, `created_at`, `updated_at`, `deleted_at`) VALUES
(469, 200, '111111', 'login', '2020-01-02 09:49:51', 1, '2020-01-02 09:49:51', '2020-01-02 09:49:57', NULL),
(470, 200, '111111', 'login', '2020-01-02 09:59:37', 1, '2020-01-02 09:59:37', '2020-01-02 09:59:45', NULL),
(471, 200, '111111', 'login', '2020-01-02 10:04:13', 1, '2020-01-02 10:04:13', '2020-01-02 10:04:20', NULL),
(472, 200, '111111', 'login', '2020-01-02 11:52:00', 1, '2020-01-02 11:52:00', '2020-01-02 11:52:05', NULL),
(473, 200, '111111', 'login', '2020-01-02 11:55:30', 1, '2020-01-02 11:55:30', '2020-01-02 11:55:39', NULL),
(474, 200, '111111', 'login', '2020-01-02 12:01:24', 1, '2020-01-02 12:01:24', '2020-01-02 12:01:30', NULL),
(475, 200, '111111', 'login', '2020-01-02 12:02:57', 1, '2020-01-02 12:02:57', '2020-01-02 12:03:02', NULL),
(476, 206, '111111', 'login', '2020-01-02 12:09:38', 1, '2020-01-02 12:09:38', '2020-01-02 12:09:44', NULL),
(477, 200, '111111', 'login', '2020-01-02 12:11:27', 1, '2020-01-02 12:11:27', '2020-01-02 12:11:32', NULL),
(478, 200, '111111', 'login', '2020-01-02 12:15:21', 1, '2020-01-02 12:15:21', '2020-01-02 12:15:26', NULL),
(479, 200, '111111', 'login', '2020-01-02 12:16:57', 1, '2020-01-02 12:16:57', '2020-01-02 12:17:02', NULL),
(480, 200, '111111', 'login', '2020-01-02 12:27:28', 1, '2020-01-02 12:27:28', '2020-01-02 12:27:34', NULL),
(481, 200, '111111', 'login', '2020-01-02 12:29:38', 1, '2020-01-02 12:29:38', '2020-01-02 12:29:42', NULL),
(482, 200, '111111', 'login', '2020-01-02 12:33:56', 1, '2020-01-02 12:33:56', '2020-01-02 12:34:02', NULL),
(483, 200, '111111', 'login', '2020-01-02 12:56:48', 1, '2020-01-02 12:56:48', '2020-01-02 12:57:04', NULL),
(484, 200, '111111', 'login', '2020-01-02 13:02:44', 1, '2020-01-02 13:02:44', '2020-01-02 13:02:50', NULL),
(485, 200, '111111', 'login', '2020-01-02 13:26:35', 1, '2020-01-02 13:26:35', '2020-01-02 13:26:48', NULL),
(486, 200, '111111', 'login', '2020-01-02 13:39:53', 1, '2020-01-02 13:39:53', '2020-01-02 13:40:12', NULL),
(487, 200, '111111', 'login', '2020-01-02 17:11:45', 1, '2020-01-02 17:11:45', '2020-01-02 17:11:53', NULL),
(488, 200, '111111', 'login', '2020-01-02 17:16:44', 1, '2020-01-02 17:16:44', '2020-01-02 17:16:49', NULL),
(489, 200, '111111', 'login', '2020-01-02 19:09:39', 1, '2020-01-02 19:09:39', '2020-01-02 19:09:47', NULL),
(490, 200, '111111', 'login', '2020-01-02 19:42:05', 1, '2020-01-02 19:42:05', '2020-01-02 19:42:28', NULL),
(491, 200, '111111', 'login', '2020-01-02 19:47:13', 1, '2020-01-02 19:47:13', '2020-01-02 19:47:28', NULL),
(492, 200, '111111', 'login', '2020-01-02 19:48:23', 1, '2020-01-02 19:48:23', '2020-01-02 19:48:29', NULL),
(493, 200, '111111', 'login', '2020-01-02 19:50:08', 1, '2020-01-02 19:50:08', '2020-01-02 19:50:16', NULL),
(494, 200, '111111', 'login', '2020-01-02 19:53:31', 1, '2020-01-02 19:53:31', '2020-01-02 19:53:38', NULL),
(495, 200, '111111', 'login', '2020-01-02 19:58:02', 1, '2020-01-02 19:58:02', '2020-01-02 19:58:07', NULL),
(496, 211, '111111', 'login', '2020-01-02 20:03:19', 1, '2020-01-02 20:03:19', '2020-01-02 20:03:25', NULL),
(497, 200, '111111', 'login', '2020-01-02 20:06:08', 1, '2020-01-02 20:06:08', '2020-01-02 20:06:14', NULL),
(498, 200, '111111', 'login', '2020-01-02 20:11:17', 1, '2020-01-02 20:11:17', '2020-01-02 20:11:27', NULL),
(499, 200, '111111', 'login', '2020-01-02 20:18:08', 1, '2020-01-02 20:18:08', '2020-01-02 20:18:15', NULL),
(500, 200, '111111', 'login', '2020-01-02 20:24:28', 1, '2020-01-02 20:24:28', '2020-01-02 20:24:34', NULL),
(501, 200, '111111', 'login', '2020-01-02 20:29:11', 1, '2020-01-02 20:29:11', '2020-01-02 20:29:19', NULL),
(502, 200, '111111', 'login', '2020-01-02 20:31:28', 1, '2020-01-02 20:31:28', '2020-01-02 20:31:35', NULL),
(503, 200, '111111', 'login', '2020-01-02 20:38:46', 1, '2020-01-02 20:38:46', '2020-01-02 20:38:55', NULL),
(504, 200, '111111', 'login', '2020-01-02 20:43:38', 1, '2020-01-02 20:43:38', '2020-01-02 20:43:43', NULL),
(505, 200, '111111', 'login', '2020-01-02 20:48:35', 1, '2020-01-02 20:48:35', '2020-01-02 20:48:42', NULL),
(506, 200, '111111', 'login', '2020-01-02 20:51:32', 1, '2020-01-02 20:51:32', '2020-01-02 20:51:38', NULL),
(507, 200, '111111', 'login', '2020-01-03 07:05:39', 1, '2020-01-03 07:05:39', '2020-01-03 07:05:52', NULL),
(508, 200, '111111', 'login', '2020-01-03 07:06:22', 1, '2020-01-03 07:06:22', '2020-01-03 07:06:32', NULL),
(509, 200, '111111', 'login', '2020-01-03 07:12:38', 1, '2020-01-03 07:12:38', '2020-01-03 07:12:43', NULL),
(510, 200, '111111', 'login', '2020-01-03 07:14:48', 1, '2020-01-03 07:14:48', '2020-01-03 07:14:54', NULL),
(511, 200, '111111', 'login', '2020-01-03 07:15:54', 1, '2020-01-03 07:15:54', '2020-01-03 07:16:02', NULL),
(512, 200, '111111', 'login', '2020-01-03 07:22:06', 1, '2020-01-03 07:22:06', '2020-01-03 07:22:12', NULL),
(513, 200, '111111', 'login', '2020-01-03 07:24:07', 1, '2020-01-03 07:24:07', '2020-01-03 07:24:14', NULL),
(514, 200, '111111', 'login', '2020-01-03 07:28:16', 1, '2020-01-03 07:28:16', '2020-01-03 07:28:24', NULL),
(515, 200, '111111', 'login', '2020-01-03 07:36:11', 1, '2020-01-03 07:36:11', '2020-01-03 07:36:25', NULL),
(516, 200, '111111', 'login', '2020-01-03 07:38:21', 1, '2020-01-03 07:38:21', '2020-01-03 07:38:26', NULL),
(517, 200, '111111', 'login', '2020-01-03 18:40:17', 1, '2020-01-03 18:40:17', '2020-01-03 18:40:56', NULL),
(518, 200, '111111', 'login', '2020-01-03 18:52:50', 1, '2020-01-03 18:52:50', '2020-01-03 18:52:56', NULL),
(519, 200, '111111', 'login', '2020-01-04 05:26:15', 1, '2020-01-04 05:26:15', '2020-01-04 05:26:23', NULL),
(520, 200, '111111', 'login', '2020-01-04 05:29:28', 1, '2020-01-04 05:29:28', '2020-01-04 05:29:37', NULL),
(521, 200, '111111', 'login', '2020-01-04 05:46:47', 1, '2020-01-04 05:46:47', '2020-01-04 05:46:53', NULL),
(522, 200, '111111', 'login', '2020-01-04 05:51:33', 1, '2020-01-04 05:51:33', '2020-01-04 05:51:41', NULL),
(523, 200, '111111', 'login', '2020-01-04 06:00:58', 1, '2020-01-04 06:00:58', '2020-01-04 06:01:05', NULL),
(524, 200, '111111', 'login', '2020-01-04 06:05:12', 1, '2020-01-04 06:05:12', '2020-01-04 06:05:25', NULL),
(525, 200, '111111', 'login', '2020-01-04 06:16:40', 1, '2020-01-04 06:16:40', '2020-01-04 06:21:47', NULL),
(526, 200, '111111', 'login', '2020-01-04 06:16:40', 1, '2020-01-04 06:16:40', '2020-01-04 06:16:56', NULL),
(527, 200, '111111', 'login', '2020-01-04 06:51:08', 1, '2020-01-04 06:51:08', '2020-01-04 06:51:15', NULL),
(528, 200, '111111', 'login', '2020-01-04 07:21:48', 1, '2020-01-04 07:21:48', '2020-01-04 07:21:59', NULL),
(529, 200, '111111', 'login', '2020-01-04 07:27:21', 1, '2020-01-04 07:27:21', '2020-01-04 07:27:30', NULL),
(530, 200, '111111', 'login', '2020-01-04 07:38:28', 1, '2020-01-04 07:38:28', '2020-01-04 07:38:34', NULL),
(531, 200, '111111', 'login', '2020-01-04 07:41:12', 1, '2020-01-04 07:41:12', '2020-01-04 07:41:18', NULL),
(532, 200, '111111', 'login', '2020-01-04 07:53:30', 1, '2020-01-04 07:53:30', '2020-01-04 07:53:36', NULL),
(533, 200, '111111', 'login', '2020-01-04 07:55:39', 1, '2020-01-04 07:55:39', '2020-01-04 07:55:45', NULL),
(534, 200, '111111', 'login', '2020-01-04 07:58:29', 1, '2020-01-04 07:58:29', '2020-01-04 07:58:43', NULL),
(535, 200, '111111', 'login', '2020-01-04 08:03:16', 1, '2020-01-04 08:03:16', '2020-01-04 08:05:14', NULL),
(536, 200, '111111', 'login', '2020-01-04 08:07:55', 1, '2020-01-04 08:07:55', '2020-01-04 08:08:01', NULL),
(537, 200, '111111', 'login', '2020-01-04 08:11:13', 1, '2020-01-04 08:11:13', '2020-01-04 08:11:20', NULL),
(538, 200, '111111', 'login', '2020-01-04 08:12:37', 1, '2020-01-04 08:12:37', '2020-01-04 08:12:47', NULL),
(539, 200, '111111', 'login', '2020-01-04 08:16:56', 1, '2020-01-04 08:16:56', '2020-01-04 08:17:02', NULL),
(540, 200, '111111', 'login', '2020-01-04 08:27:36', 1, '2020-01-04 08:27:36', '2020-01-04 08:27:44', NULL),
(541, 200, '111111', 'login', '2020-01-04 09:03:54', 1, '2020-01-04 09:03:54', '2020-01-04 09:04:03', NULL),
(542, 200, '111111', 'login', '2020-01-04 09:06:53', 1, '2020-01-04 09:06:53', '2020-01-04 09:07:01', NULL),
(543, 200, '111111', 'login', '2020-01-04 09:09:43', 1, '2020-01-04 09:09:43', '2020-01-04 09:09:48', NULL),
(544, 200, '111111', 'login', '2020-01-04 09:14:20', 1, '2020-01-04 09:14:20', '2020-01-04 09:14:26', NULL),
(545, 200, '111111', 'login', '2020-01-04 09:21:46', 1, '2020-01-04 09:21:46', '2020-01-04 09:21:51', NULL),
(546, 200, '111111', 'login', '2020-01-04 09:24:23', 1, '2020-01-04 09:24:23', '2020-01-04 09:24:27', NULL),
(547, 200, '111111', 'login', '2020-01-04 09:40:06', 1, '2020-01-04 09:40:07', '2020-01-04 09:40:13', NULL),
(548, 200, '111111', 'login', '2020-01-04 10:13:08', 1, '2020-01-04 10:13:08', '2020-01-04 10:13:16', NULL),
(549, 200, '111111', 'login', '2020-01-04 10:46:36', 1, '2020-01-04 10:46:36', '2020-01-04 10:46:42', NULL),
(550, 200, '111111', 'login', '2020-01-04 10:48:21', 1, '2020-01-04 10:48:21', '2020-01-04 10:48:27', NULL),
(551, 200, '111111', 'login', '2020-01-04 10:54:55', 1, '2020-01-04 10:54:55', '2020-01-04 10:55:03', NULL),
(552, 200, '111111', 'login', '2020-01-04 10:58:41', 1, '2020-01-04 10:58:41', '2020-01-04 10:58:46', NULL),
(553, 200, '111111', 'login', '2020-01-04 11:03:03', 1, '2020-01-04 11:03:03', '2020-01-04 11:03:56', NULL),
(554, 212, '111111', 'login', '2020-01-04 11:11:20', 1, '2020-01-04 11:11:20', '2020-01-04 11:11:29', NULL),
(555, 200, '111111', 'login', '2020-01-04 11:16:11', 1, '2020-01-04 11:16:11', '2020-01-04 11:16:15', NULL),
(556, 200, '111111', 'login', '2020-01-04 11:19:27', 1, '2020-01-04 11:19:27', '2020-01-04 11:19:32', NULL),
(557, 200, '111111', 'login', '2020-01-04 11:28:03', 1, '2020-01-04 11:28:03', '2020-01-04 11:28:13', NULL),
(558, 200, '111111', 'login', '2020-01-04 11:29:15', 1, '2020-01-04 11:29:15', '2020-01-04 11:29:25', NULL),
(559, 200, '111111', 'login', '2020-01-04 11:31:22', 1, '2020-01-04 11:31:22', '2020-01-04 11:31:28', NULL),
(560, 200, '111111', 'login', '2020-01-04 11:37:20', 1, '2020-01-04 11:37:20', '2020-01-04 11:37:26', NULL),
(561, 200, '111111', 'login', '2020-01-04 11:42:01', 1, '2020-01-04 11:42:01', '2020-01-04 11:42:08', NULL),
(562, 200, '111111', 'login', '2020-01-04 11:46:37', 1, '2020-01-04 11:46:37', '2020-01-04 11:46:43', NULL),
(563, 200, '111111', 'login', '2020-01-04 11:49:43', 1, '2020-01-04 11:49:43', '2020-01-04 11:49:48', NULL),
(564, 200, '111111', 'login', '2020-01-04 11:52:14', 1, '2020-01-04 11:52:14', '2020-01-04 11:52:19', NULL),
(565, 200, '111111', 'login', '2020-01-04 11:53:37', 1, '2020-01-04 11:53:37', '2020-01-04 11:53:42', NULL),
(566, 200, '111111', 'login', '2020-01-04 11:55:36', 1, '2020-01-04 11:55:36', '2020-01-04 11:55:42', NULL),
(567, 200, '111111', 'login', '2020-01-04 12:04:52', 1, '2020-01-04 12:04:52', '2020-01-04 12:04:58', NULL),
(568, 200, '111111', 'login', '2020-01-04 12:38:24', 1, '2020-01-04 12:38:24', '2020-01-04 12:38:29', NULL),
(569, 200, '111111', 'login', '2020-01-05 07:45:09', 1, '2020-01-05 07:45:09', '2020-01-05 10:08:07', NULL),
(570, 200, '111111', 'login', '2020-01-05 07:45:09', 1, '2020-01-05 07:45:09', '2020-01-05 07:48:34', NULL),
(571, 200, '111111', 'login', '2020-01-05 10:10:07', 1, '2020-01-05 10:10:07', '2020-01-05 10:10:14', NULL),
(572, 200, '111111', 'login', '2020-01-05 10:11:17', 1, '2020-01-05 10:11:17', '2020-01-05 10:11:25', NULL),
(573, 200, '111111', 'login', '2020-01-05 10:14:41', 1, '2020-01-05 10:14:41', '2020-01-05 10:14:47', NULL),
(574, 200, '111111', 'login', '2020-01-06 05:09:03', 1, '2020-01-06 05:09:03', '2020-01-06 05:09:11', NULL),
(575, 200, '111111', 'login', '2020-01-06 05:14:10', 1, '2020-01-06 05:14:10', '2020-01-06 05:14:15', NULL),
(576, 200, '111111', 'login', '2020-01-06 05:17:21', 1, '2020-01-06 05:17:21', '2020-01-06 05:17:27', NULL),
(577, 200, '111111', 'login', '2020-01-06 05:18:40', 1, '2020-01-06 05:18:40', '2020-01-06 05:18:45', NULL),
(578, 200, '111111', 'login', '2020-01-06 05:19:58', 1, '2020-01-06 05:19:58', '2020-01-06 05:20:04', NULL),
(579, 200, '111111', 'login', '2020-01-06 05:24:05', 1, '2020-01-06 05:24:05', '2020-01-06 05:24:12', NULL),
(580, 200, '111111', 'login', '2020-01-06 05:27:47', 1, '2020-01-06 05:27:47', '2020-01-06 05:27:53', NULL),
(581, 200, '111111', 'login', '2020-01-06 05:33:17', 1, '2020-01-06 05:33:17', '2020-01-06 05:33:25', NULL),
(582, 200, '111111', 'login', '2020-01-06 05:39:27', 1, '2020-01-06 05:39:27', '2020-01-06 05:39:37', NULL),
(583, 200, '111111', 'login', '2020-01-06 05:45:35', 1, '2020-01-06 05:45:35', '2020-01-06 05:45:43', NULL),
(584, 200, '111111', 'login', '2020-01-06 05:57:31', 1, '2020-01-06 05:57:31', '2020-01-06 05:57:41', NULL),
(585, 200, '111111', 'login', '2020-01-06 06:00:33', 1, '2020-01-06 06:00:33', '2020-01-06 06:00:40', NULL),
(586, 200, '111111', 'login', '2020-01-06 06:04:58', 1, '2020-01-06 06:04:58', '2020-01-06 06:05:03', NULL),
(587, 200, '111111', 'login', '2020-01-06 06:07:10', 1, '2020-01-06 06:07:10', '2020-01-06 06:07:16', NULL),
(588, 200, '111111', 'login', '2020-01-06 06:07:44', 1, '2020-01-06 06:07:44', '2020-01-06 06:07:51', NULL),
(589, 200, '111111', 'login', '2020-01-06 06:19:00', 1, '2020-01-06 06:19:00', '2020-01-06 06:19:06', NULL),
(590, 200, '111111', 'login', '2020-01-06 06:22:52', 1, '2020-01-06 06:22:52', '2020-01-06 06:22:58', NULL),
(591, 200, '111111', 'login', '2020-01-06 06:24:22', 1, '2020-01-06 06:24:22', '2020-01-06 06:24:30', NULL),
(592, 200, '111111', 'login', '2020-01-06 06:41:12', 1, '2020-01-06 06:41:12', '2020-01-06 06:41:17', NULL),
(593, 200, '111111', 'login', '2020-01-06 06:45:28', 1, '2020-01-06 06:45:28', '2020-01-06 06:47:15', NULL),
(594, 200, '111111', 'login', '2020-01-06 06:59:38', 1, '2020-01-06 06:59:38', '2020-01-06 06:59:46', NULL),
(595, 200, '111111', 'login', '2020-01-06 07:08:27', 1, '2020-01-06 07:08:27', '2020-01-06 07:08:35', NULL),
(596, 200, '111111', 'login', '2020-01-06 08:03:12', 1, '2020-01-06 08:03:12', '2020-01-06 08:03:33', NULL),
(597, 200, '111111', 'login', '2020-01-06 08:22:52', 1, '2020-01-06 08:22:52', '2020-01-06 08:22:59', NULL),
(598, 200, '111111', 'login', '2020-01-06 08:23:21', 1, '2020-01-06 08:23:21', '2020-01-06 08:23:27', NULL),
(599, 200, '111111', 'login', '2020-01-06 08:26:23', 1, '2020-01-06 08:26:23', '2020-01-06 08:26:30', NULL),
(600, 200, '111111', 'login', '2020-01-06 08:31:06', 1, '2020-01-06 08:31:06', '2020-01-06 08:31:13', NULL),
(601, 200, '111111', 'login', '2020-01-06 08:54:16', 1, '2020-01-06 08:54:16', '2020-01-06 08:54:22', NULL),
(602, 200, '111111', 'login', '2020-01-06 09:02:29', 1, '2020-01-06 09:02:29', '2020-01-06 09:02:35', NULL),
(603, 200, '111111', 'login', '2020-01-06 09:07:36', 1, '2020-01-06 09:07:36', '2020-01-06 09:07:47', NULL),
(604, 200, '111111', 'login', '2020-01-06 09:20:07', 1, '2020-01-06 09:20:07', '2020-01-06 09:20:12', NULL),
(605, 200, '111111', 'login', '2020-01-06 09:23:22', 1, '2020-01-06 09:23:22', '2020-01-06 09:23:27', NULL),
(606, 200, '111111', 'login', '2020-01-06 09:29:14', 1, '2020-01-06 09:29:14', '2020-01-06 09:29:21', NULL),
(607, 200, '111111', 'login', '2020-01-06 09:38:04', 1, '2020-01-06 09:38:04', '2020-01-06 09:38:12', NULL),
(608, 200, '111111', 'login', '2020-01-06 09:39:10', 1, '2020-01-06 09:39:10', '2020-01-06 09:39:17', NULL),
(609, 200, '111111', 'login', '2020-01-06 09:40:48', 1, '2020-01-06 09:40:48', '2020-01-06 09:40:53', NULL),
(610, 200, '111111', 'login', '2020-01-06 09:44:36', 1, '2020-01-06 09:44:36', '2020-01-06 09:44:40', NULL),
(611, 200, '111111', 'login', '2020-01-06 09:46:54', 1, '2020-01-06 09:46:54', '2020-01-06 09:47:00', NULL),
(612, 200, '111111', 'login', '2020-01-06 09:51:58', 1, '2020-01-06 09:51:58', '2020-01-06 09:52:07', NULL),
(613, 200, '111111', 'login', '2020-01-06 09:54:25', 1, '2020-01-06 09:54:25', '2020-01-06 09:54:31', NULL),
(614, 200, '111111', 'login', '2020-01-06 09:56:26', 1, '2020-01-06 09:56:26', '2020-01-06 09:56:31', NULL),
(615, 200, '111111', 'login', '2020-01-06 10:14:17', 1, '2020-01-06 10:14:17', '2020-01-06 10:15:03', NULL),
(616, 200, '111111', 'login', '2020-01-06 10:22:48', 1, '2020-01-06 10:22:48', '2020-01-06 10:22:57', NULL),
(617, 200, '111111', 'login', '2020-01-06 19:12:03', 1, '2020-01-06 19:12:03', '2020-01-06 19:13:43', NULL),
(618, 200, '111111', 'login', '2020-01-06 19:25:52', 1, '2020-01-06 19:25:52', '2020-01-06 19:26:21', NULL),
(619, 200, '111111', 'login', '2020-01-06 19:40:46', 1, '2020-01-06 19:40:46', '2020-01-06 19:40:54', NULL),
(620, 200, '111111', 'login', '2020-01-07 09:49:26', 1, '2020-01-07 09:49:26', '2020-01-07 09:49:31', NULL),
(621, 200, '111111', 'login', '2020-01-07 09:54:53', 1, '2020-01-07 09:54:53', '2020-01-07 09:54:59', NULL),
(622, 200, '111111', 'login', '2020-01-07 10:00:25', 1, '2020-01-07 10:00:25', '2020-01-07 10:00:32', NULL),
(623, 200, '111111', 'login', '2020-01-07 10:02:02', 1, '2020-01-07 10:02:02', '2020-01-07 10:02:09', NULL),
(624, 200, '111111', 'login', '2020-01-09 09:23:33', 1, '2020-01-09 09:23:33', '2020-01-09 09:23:41', NULL),
(625, 200, '111111', 'login', '2020-01-09 09:24:56', 1, '2020-01-09 09:24:56', '2020-01-09 09:25:58', NULL),
(626, 213, '111111', 'login', '2020-01-09 09:43:20', 1, '2020-01-09 09:43:20', '2020-01-09 09:43:27', NULL),
(627, 200, '111111', 'login', '2020-01-13 05:52:33', 1, '2020-01-13 05:52:33', '2020-01-13 05:52:40', NULL),
(628, 200, '111111', 'login', '2020-01-13 06:49:55', 1, '2020-01-13 06:49:55', '2020-01-13 06:50:00', NULL),
(629, 200, '111111', 'login', '2020-01-15 12:42:29', 1, '2020-01-15 12:42:29', '2020-01-15 12:42:34', NULL),
(630, 200, '111111', 'login', '2020-01-17 09:06:13', 1, '2020-01-17 09:06:13', '2020-01-17 09:06:22', NULL),
(631, 200, '111111', 'login', '2020-01-17 09:09:08', 1, '2020-01-17 09:09:08', '2020-01-17 09:09:16', NULL),
(632, 200, '111111', 'login', '2020-01-17 09:18:44', 1, '2020-01-17 09:18:44', '2020-01-17 09:18:50', NULL),
(633, 200, '111111', 'login', '2020-01-18 08:15:37', 1, '2020-01-18 08:15:37', '2020-01-18 08:15:43', NULL),
(634, 200, '111111', 'login', '2020-01-18 12:05:12', 1, '2020-01-18 12:05:12', '2020-01-18 12:05:23', NULL),
(635, 200, '111111', 'login', '2020-01-18 12:20:26', 1, '2020-01-18 12:20:26', '2020-01-18 12:20:32', NULL),
(636, 200, '111111', 'login', '2020-01-18 13:25:18', 1, '2020-01-18 13:25:18', '2020-01-18 13:25:26', NULL),
(637, 214, '111111', 'login', '2020-01-18 14:42:39', 1, '2020-01-18 14:42:39', '2020-01-18 15:18:19', NULL),
(638, 207, '111111', 'login', '2020-01-18 14:43:34', 1, '2020-01-18 14:43:34', '2020-01-18 14:43:42', NULL),
(639, 200, '111111', 'login', '2020-01-19 13:22:40', 1, '2020-01-19 13:22:40', '2020-01-19 13:23:09', NULL),
(640, 200, '111111', 'login', '2020-01-19 18:43:33', 1, '2020-01-19 18:43:33', '2020-01-19 18:43:40', NULL),
(641, 215, '111111', 'login', '2020-01-20 06:43:18', 1, '2020-01-20 06:43:18', '2020-01-20 06:43:24', NULL),
(642, 200, '111111', 'login', '2020-01-20 09:17:26', 1, '2020-01-20 09:17:26', '2020-01-20 09:17:31', NULL),
(643, 7, '932354', 'login', '2020-01-20 10:08:35', 1, '2020-01-20 10:08:35', '2020-01-28 08:02:55', NULL),
(644, 200, '348758', 'login', '2020-01-20 10:28:25', 1, '2020-01-20 10:28:25', '2020-01-20 10:29:00', NULL),
(645, 200, '444145', 'login', '2020-01-20 11:16:23', 1, '2020-01-20 11:16:23', '2020-01-20 11:21:17', NULL),
(646, 200, '984778', 'login', '2020-01-20 11:21:48', 1, '2020-01-20 11:21:48', '2020-01-20 11:23:04', NULL),
(647, 200, '893723', 'login', '2020-01-20 11:24:43', 1, '2020-01-20 11:24:43', '2020-01-20 11:28:15', NULL),
(648, 217, '281259', 'login', '2020-01-22 08:40:30', 0, '2020-01-22 08:40:30', '2020-01-22 08:40:30', NULL),
(649, 214, '251687', 'login', '2020-01-22 08:41:44', 1, '2020-01-22 08:41:44', '2020-01-31 14:39:42', NULL),
(650, 207, '484464', 'login', '2020-01-22 08:42:19', 1, '2020-01-22 08:42:19', '2020-01-22 09:38:18', NULL),
(651, 207, '431723', 'login', '2020-01-22 09:48:57', 1, '2020-01-22 09:48:57', '2020-01-22 09:49:15', NULL),
(652, 200, '945226', 'login', '2020-01-22 19:16:16', 0, '2020-01-22 19:16:16', '2020-01-22 19:16:16', NULL),
(653, 218, '288925', 'login', '2020-01-28 13:24:02', 1, '2020-01-28 13:24:02', '2020-01-28 13:24:24', NULL),
(654, 219, '246487', 'login', '2020-01-29 08:48:05', 0, '2020-01-29 08:48:05', '2020-01-29 08:48:05', NULL),
(655, 7, '652536', 'login', '2020-01-29 08:59:22', 1, '2020-01-29 08:59:22', '2020-01-29 09:01:20', NULL),
(656, 7, '175555', 'login', '2020-01-29 12:08:03', 1, '2020-01-29 12:08:03', '2020-01-29 12:09:23', NULL),
(657, 218, '775116', 'login', '2020-01-30 05:33:34', 1, '2020-01-30 05:33:34', '2020-01-30 05:34:08', NULL),
(658, 218, '564138', 'login', '2020-01-31 13:17:07', 1, '2020-01-31 13:17:07', '2020-01-31 13:17:28', NULL),
(659, 218, '663721', 'login', '2020-01-31 13:18:00', 1, '2020-01-31 13:18:00', '2020-01-31 13:18:11', NULL),
(660, 7, '651326', 'login', '2020-01-31 13:23:37', 1, '2020-01-31 13:23:37', '2020-01-31 13:24:37', NULL),
(661, 7, '273452', 'login', '2020-01-31 13:25:08', 1, '2020-01-31 13:25:08', '2020-01-31 13:25:41', NULL),
(662, 7, '545866', 'login', '2020-01-31 13:28:33', 1, '2020-01-31 13:28:33', '2020-01-31 13:29:01', NULL),
(663, 218, '255444', 'login', '2020-01-31 13:28:45', 1, '2020-01-31 13:28:45', '2020-01-31 13:29:02', NULL),
(664, 218, '569482', 'login', '2020-01-31 13:38:09', 1, '2020-01-31 13:38:09', '2020-01-31 13:38:49', NULL),
(665, 218, '592116', 'login', '2020-01-31 13:41:57', 1, '2020-01-31 13:41:57', '2020-01-31 13:42:38', NULL),
(666, 220, '586756', 'login', '2020-02-01 09:06:38', 1, '2020-02-01 09:06:38', '2020-02-01 09:06:52', NULL),
(667, 218, '958882', 'login', '2020-02-01 13:49:05', 1, '2020-02-01 13:49:05', '2020-02-01 13:49:25', NULL),
(668, 218, '112536', 'login', '2020-02-01 14:01:35', 1, '2020-02-01 14:01:35', '2020-02-01 14:02:16', NULL),
(669, 214, '836924', 'login', '2020-02-02 07:32:35', 1, '2020-02-02 07:32:35', '2020-02-02 07:32:57', NULL),
(670, 214, '991818', 'login', '2020-02-03 06:17:00', 1, '2020-02-03 06:17:00', '2020-02-03 06:17:19', NULL),
(671, 223, '718157', 'login', '2020-02-03 09:15:51', 1, '2020-02-03 09:15:51', '2020-02-03 09:16:26', NULL),
(672, 214, '516823', 'login', '2020-02-03 12:08:27', 1, '2020-02-03 12:08:27', '2020-02-03 12:08:46', NULL),
(673, 214, '959625', 'login', '2020-02-04 06:58:40', 1, '2020-02-04 06:58:40', '2020-02-04 06:58:54', NULL),
(674, 218, '567362', 'login', '2020-02-05 11:05:41', 1, '2020-02-05 11:05:41', '2020-02-06 10:33:46', NULL),
(675, 224, '822636', 'login', '2020-02-05 11:07:56', 1, '2020-02-05 11:07:56', '2020-02-05 11:08:24', NULL),
(676, 218, '233685', 'login', '2020-02-06 12:20:30', 1, '2020-02-06 12:20:30', '2020-02-06 12:22:24', NULL),
(677, 218, '422912', 'login', '2020-02-06 12:26:56', 1, '2020-02-06 12:26:56', '2020-02-06 12:27:15', NULL),
(678, 218, '288723', 'login', '2020-02-06 12:28:30', 1, '2020-02-06 12:28:30', '2020-02-06 12:30:41', NULL),
(679, 218, '844585', 'login', '2020-02-06 12:38:32', 1, '2020-02-06 12:38:32', '2020-02-06 12:39:12', NULL),
(680, 218, '489894', 'login', '2020-02-06 12:40:35', 1, '2020-02-06 12:40:35', '2020-02-06 12:40:55', NULL),
(681, 225, '616411', 'login', '2020-02-06 12:44:33', 1, '2020-02-06 12:44:33', '2020-02-06 12:44:54', NULL),
(682, 225, '835378', 'login', '2020-02-06 12:49:23', 1, '2020-02-06 12:49:23', '2020-02-06 12:49:38', NULL),
(683, 214, '989246', 'login', '2020-02-06 16:07:12', 1, '2020-02-06 16:07:12', '2020-02-06 16:08:09', NULL),
(684, 218, '998219', 'login', '2020-02-07 06:30:49', 1, '2020-02-07 06:30:49', '2020-02-07 06:31:20', NULL),
(685, 214, '841882', 'login', '2020-02-07 13:02:25', 1, '2020-02-07 13:02:25', '2020-02-07 13:02:43', NULL),
(686, 214, '988292', 'login', '2020-02-09 08:32:15', 1, '2020-02-09 08:32:15', '2020-02-09 08:32:46', NULL),
(687, 218, '413428', 'login', '2020-02-10 07:12:58', 1, '2020-02-10 07:12:58', '2020-02-10 07:13:24', NULL),
(688, 226, '927838', 'login', '2020-02-10 08:14:46', 0, '2020-02-10 08:14:46', '2020-02-10 08:14:46', NULL),
(689, 227, '616558', 'login', '2020-02-10 09:14:15', 1, '2020-02-10 09:14:15', '2020-02-10 09:14:44', NULL),
(690, 228, '668169', 'login', '2020-02-11 05:46:44', 1, '2020-02-11 05:46:44', '2020-02-11 05:47:07', NULL),
(691, 214, '254938', 'login', '2020-02-11 10:17:27', 1, '2020-02-11 10:17:27', '2020-02-12 06:21:05', NULL),
(692, 229, '422817', 'login', '2020-02-12 08:02:01', 0, '2020-02-12 08:02:01', '2020-02-12 08:02:01', NULL),
(693, 230, '312846', 'login', '2020-02-12 08:03:01', 0, '2020-02-12 08:03:01', '2020-02-12 08:03:01', NULL),
(694, 231, '518534', 'login', '2020-02-17 09:11:57', 1, '2020-02-17 09:11:57', '2020-02-17 09:12:23', NULL),
(695, 232, '533955', 'login', '2020-02-18 11:40:23', 1, '2020-02-18 06:10:23', '2020-02-18 06:36:51', NULL),
(696, 232, '828545', 'login', '2020-02-20 06:59:03', 1, '2020-02-20 01:29:03', '2020-02-20 01:30:15', NULL),
(697, 232, '11111', 'login', '2020-02-28 06:33:57', 1, '2020-02-28 01:03:57', '2020-03-14 00:06:03', NULL),
(698, 232, '11111', 'login', '2020-03-17 07:51:39', 1, '2020-03-17 02:21:39', '2020-03-17 02:21:54', NULL),
(699, 232, '11111', 'login', '2020-03-18 05:43:15', 1, '2020-03-18 00:13:15', '2020-05-08 03:06:30', NULL),
(700, 1, '11111', 'reset-password', '2020-05-28 09:09:51', 1, '2020-05-28 03:39:51', '2020-05-28 03:55:25', NULL),
(701, 232, '11111', 'login', '2020-05-29 06:44:37', 1, '2020-05-29 01:14:37', '2020-05-29 02:40:31', NULL),
(702, 232, '11111', 'login', '2020-05-29 08:11:14', 1, '2020-05-29 02:41:14', '2020-05-29 02:41:19', NULL),
(703, 232, '11111', 'login', '2020-05-29 08:24:28', 1, '2020-05-29 02:54:28', '2020-05-29 02:54:33', NULL),
(704, 232, '11111', 'login', '2020-05-30 08:17:11', 1, '2020-05-30 02:47:11', '2020-05-30 02:47:16', NULL),
(705, 232, '11111', 'login', '2020-06-01 11:35:19', 1, '2020-06-01 06:05:19', '2020-06-01 06:05:25', NULL),
(706, 232, '11111', 'login', '2020-06-02 05:43:04', 1, '2020-06-02 00:13:04', '2020-06-02 00:13:09', NULL),
(707, 234, '11111', 'login', '2020-06-03 06:14:16', 1, '2020-06-03 00:44:16', '2020-06-03 00:48:18', NULL),
(708, 234, '11111', 'login', '2020-06-03 06:18:37', 0, '2020-06-03 00:48:37', '2020-06-03 00:48:37', NULL),
(709, 232, '11111', 'login', '2020-06-03 06:29:45', 1, '2020-06-03 00:59:45', '2020-06-03 01:01:13', NULL),
(710, 232, '11111', 'login', '2020-06-03 07:11:20', 1, '2020-06-03 01:41:20', '2020-06-03 01:41:24', NULL);

-- --------------------------------------------------------

--
-- Table structure for table `password_resets`
--

CREATE TABLE `password_resets` (
  `email` varchar(255) COLLATE utf8mb4_unicode_ci NOT NULL,
  `token` varchar(255) COLLATE utf8mb4_unicode_ci NOT NULL,
  `created_at` timestamp NULL DEFAULT NULL
) ENGINE=InnoDB DEFAULT CHARSET=utf8mb4 COLLATE=utf8mb4_unicode_ci;

-- --------------------------------------------------------

--
-- Table structure for table `payments`
--

CREATE TABLE `payments` (
  `id` int(11) NOT NULL,
  `user_id` int(11) NOT NULL,
  `refid` varchar(50) NOT NULL,
  `amount` int(11) NOT NULL DEFAULT '0',
  `razorpay_order_id` varchar(100) DEFAULT NULL,
  `order_id_response` text,
  `payment_id` varchar(100) DEFAULT NULL,
  `payment_id_response` text,
  `status` enum('pending','paid') NOT NULL DEFAULT 'pending',
  `created_at` datetime DEFAULT NULL,
  `deleted_at` datetime DEFAULT NULL,
  `updated_at` datetime DEFAULT NULL
) ENGINE=InnoDB DEFAULT CHARSET=latin1;

--
-- Dumping data for table `payments`
--

INSERT INTO `payments` (`id`, `user_id`, `refid`, `amount`, `razorpay_order_id`, `order_id_response`, `payment_id`, `payment_id_response`, `status`, `created_at`, `deleted_at`, `updated_at`) VALUES
(2, 232, '20200603103650', 2999, 'order_Ey7YAsWpljWbCD', '{\"id\":\"order_Ey7YAsWpljWbCD\",\"entity\":\"order\",\"amount\":299900,\"amount_paid\":0,\"amount_due\":299900,\"currency\":\"INR\",\"receipt\":\"20200603103650\",\"offer_id\":null,\"status\":\"created\",\"attempts\":0,\"notes\":[],\"created_at\":1591180610}', 'pay_Ey7YUnnlJ1aDtN', 'bb9a270a1f3bda9d0f5c3a6d588a48c8965f6187bf458b68c39ad2c2cad53ed1', 'paid', '2020-06-03 10:36:50', NULL, '2020-06-03 10:45:18'),
(3, 232, '20200603104708', 2999, 'order_Ey7j41Bj678rv2', '{\"id\":\"order_Ey7j41Bj678rv2\",\"entity\":\"order\",\"amount\":299900,\"amount_paid\":0,\"amount_due\":299900,\"currency\":\"INR\",\"receipt\":\"20200603104708\",\"offer_id\":null,\"status\":\"created\",\"attempts\":0,\"notes\":[],\"created_at\":1591181228}', 'pay_Ey7jEBba3AE2po', '232f49b736a9164547175a325bf344baf280324d490e3b67e881be5935607349', 'paid', '2020-06-03 10:47:09', NULL, '2020-06-03 10:47:20'),
(4, 232, '20200603105914', 2999, 'order_Ey7vqOprpV9s8D', '{\"id\":\"order_Ey7vqOprpV9s8D\",\"entity\":\"order\",\"amount\":299900,\"amount_paid\":0,\"amount_due\":299900,\"currency\":\"INR\",\"receipt\":\"20200603105914\",\"offer_id\":null,\"status\":\"created\",\"attempts\":0,\"notes\":[],\"created_at\":1591181954}', 'pay_Ey7vzjDsmo6Han', 'b7e47ab980b5002d965c1ad725a56252226e9bd7b5ecb5bd2dd0c2bfc2c57ad2', 'paid', '2020-06-03 10:59:14', NULL, '2020-06-03 10:59:25');

-- --------------------------------------------------------

--
-- Table structure for table `permissions`
--

CREATE TABLE `permissions` (
  `id` int(10) UNSIGNED NOT NULL,
  `inherit_id` int(10) UNSIGNED DEFAULT NULL,
  `name` varchar(255) COLLATE utf8mb4_unicode_ci NOT NULL,
  `slug` varchar(255) COLLATE utf8mb4_unicode_ci NOT NULL,
  `description` text COLLATE utf8mb4_unicode_ci,
  `created_at` timestamp NULL DEFAULT NULL,
  `updated_at` timestamp NULL DEFAULT NULL
) ENGINE=InnoDB DEFAULT CHARSET=utf8mb4 COLLATE=utf8mb4_unicode_ci;

--
-- Dumping data for table `permissions`
--

INSERT INTO `permissions` (`id`, `inherit_id`, `name`, `slug`, `description`, `created_at`, `updated_at`) VALUES
(1, NULL, 'aaaaa', '', 'asdfgh', NULL, NULL);

-- --------------------------------------------------------

--
-- Table structure for table `permission_role`
--

CREATE TABLE `permission_role` (
  `id` int(10) UNSIGNED NOT NULL,
  `permission_id` int(10) UNSIGNED NOT NULL,
  `role_id` int(10) UNSIGNED NOT NULL,
  `created_at` timestamp NULL DEFAULT NULL,
  `updated_at` timestamp NULL DEFAULT NULL
) ENGINE=InnoDB DEFAULT CHARSET=utf8mb4 COLLATE=utf8mb4_unicode_ci;

--
-- Dumping data for table `permission_role`
--

INSERT INTO `permission_role` (`id`, `permission_id`, `role_id`, `created_at`, `updated_at`) VALUES
(1, 1, 1, NULL, NULL);

-- --------------------------------------------------------

--
-- Table structure for table `permission_user`
--

CREATE TABLE `permission_user` (
  `id` int(10) UNSIGNED NOT NULL,
  `permission_id` int(10) UNSIGNED NOT NULL,
  `user_id` int(10) UNSIGNED NOT NULL,
  `created_at` timestamp NULL DEFAULT NULL,
  `updated_at` timestamp NULL DEFAULT NULL
) ENGINE=InnoDB DEFAULT CHARSET=utf8mb4 COLLATE=utf8mb4_unicode_ci;

--
-- Dumping data for table `permission_user`
--

INSERT INTO `permission_user` (`id`, `permission_id`, `user_id`, `created_at`, `updated_at`) VALUES
(1, 1, 1, NULL, NULL);

-- --------------------------------------------------------

--
-- Table structure for table `playing_videos`
--

CREATE TABLE `playing_videos` (
  `user_id` int(11) NOT NULL,
  `video_id` int(11) NOT NULL,
  `created_at` datetime DEFAULT NULL,
  `deleted_at` datetime DEFAULT NULL,
  `updated_at` datetime DEFAULT NULL,
  `id` int(11) NOT NULL
) ENGINE=InnoDB DEFAULT CHARSET=latin1;

-- --------------------------------------------------------

--
-- Table structure for table `questions`
--

CREATE TABLE `questions` (
  `id` int(11) NOT NULL,
  `question` text NOT NULL,
  `option1` varchar(250) DEFAULT NULL,
  `option2` varchar(250) DEFAULT NULL,
  `option3` varchar(250) DEFAULT NULL,
  `option4` varchar(250) DEFAULT NULL,
  `isactive` tinyint(1) NOT NULL DEFAULT '1',
  `answer` enum('1','2','3','4') DEFAULT NULL,
  `chapter_id` int(11) NOT NULL,
  `created_at` datetime DEFAULT NULL,
  `updated_at` datetime DEFAULT NULL,
  `deleted_at` datetime DEFAULT NULL,
  `sequence_no` int(11) NOT NULL DEFAULT '1'
) ENGINE=InnoDB DEFAULT CHARSET=latin1;

--
-- Dumping data for table `questions`
--

INSERT INTO `questions` (`id`, `question`, `option1`, `option2`, `option3`, `option4`, `isactive`, `answer`, `chapter_id`, `created_at`, `updated_at`, `deleted_at`, `sequence_no`) VALUES
(1, 'What are macines', 'Reduces effort', 'Increases effort', 'remove efforts', 'None of these', 1, '2', 2, '2020-03-17 07:45:17', '2020-03-17 07:45:17', NULL, 1),
(2, 'Machines are nice', 'true', 'false', 'no idea', 'none of these', 1, '3', 2, '2020-03-17 07:45:53', '2020-03-17 07:45:53', NULL, 2),
(3, 'Pen is machine', 'True', 'False', 'no idea', 'None of these', 1, '1', 2, '2020-03-17 07:46:23', '2020-03-17 07:46:23', NULL, 3),
(4, 'Machines are temorary', 'Reduces effort', 'Increases effort', 'remove efforts', 'none of these', 1, '4', 2, '2020-03-17 07:46:58', '2020-03-17 07:46:58', NULL, 4),
(5, 'Semiconductor are:', 'Reduces effort', 'false', 'no idea', 'None of these', 1, '1', 3, '2020-03-17 07:47:37', '2020-03-17 07:47:37', NULL, 1),
(6, 'Semiconductor are not good for use', 'Reduces effort', 'Increases effort', 'no idea', 'None of these', 1, '2', 3, '2020-03-17 07:48:07', '2020-03-17 07:48:16', NULL, 2),
(7, 'Semiconductor are not echo friendly', 'Reduces effort', 'Increases effort', 'no idea', 'none of these', 1, '3', 3, '2020-03-17 07:48:45', '2020-03-17 07:48:45', NULL, 3),
(8, 'Semiconductor are a mistake', 'true', 'false', 'no idea', 'none of these', 1, '4', 3, '2020-03-17 07:49:12', '2020-03-17 07:49:12', NULL, 4);

-- --------------------------------------------------------

--
-- Table structure for table `roles`
--

CREATE TABLE `roles` (
  `id` int(10) UNSIGNED NOT NULL,
  `name` varchar(255) COLLATE utf8mb4_unicode_ci NOT NULL,
  `slug` varchar(255) COLLATE utf8mb4_unicode_ci NOT NULL,
  `description` text COLLATE utf8mb4_unicode_ci,
  `created_at` timestamp NULL DEFAULT NULL,
  `updated_at` timestamp NULL DEFAULT NULL
) ENGINE=InnoDB DEFAULT CHARSET=utf8mb4 COLLATE=utf8mb4_unicode_ci;

--
-- Dumping data for table `roles`
--

INSERT INTO `roles` (`id`, `name`, `slug`, `description`, `created_at`, `updated_at`) VALUES
(1, 'admin', 'admin', 'this is site admin', NULL, NULL),
(2, 'student', 'student', 'this is student', NULL, NULL);

-- --------------------------------------------------------

--
-- Table structure for table `role_user`
--

CREATE TABLE `role_user` (
  `id` int(10) UNSIGNED NOT NULL,
  `role_id` int(10) UNSIGNED NOT NULL,
  `user_id` bigint(20) UNSIGNED NOT NULL,
  `created_at` timestamp NULL DEFAULT NULL,
  `updated_at` timestamp NULL DEFAULT NULL
) ENGINE=InnoDB DEFAULT CHARSET=utf8mb4 COLLATE=utf8mb4_unicode_ci;

--
-- Dumping data for table `role_user`
--

INSERT INTO `role_user` (`id`, `role_id`, `user_id`, `created_at`, `updated_at`) VALUES
(3, 1, 1, NULL, NULL),
(219, 2, 232, '2020-02-18 06:09:00', '2020-02-18 06:09:00'),
(220, 2, 233, '2020-06-02 06:24:34', '2020-06-02 06:24:34'),
(221, 2, 234, '2020-06-03 00:38:08', '2020-06-03 00:38:08');

-- --------------------------------------------------------

--
-- Table structure for table `users`
--

CREATE TABLE `users` (
  `id` bigint(20) UNSIGNED NOT NULL,
  `name` varchar(255) COLLATE utf8mb4_unicode_ci DEFAULT NULL,
  `gender` varchar(10) COLLATE utf8mb4_unicode_ci DEFAULT NULL,
  `email` varchar(255) COLLATE utf8mb4_unicode_ci DEFAULT NULL,
  `mobile` varchar(10) COLLATE utf8mb4_unicode_ci NOT NULL,
  `address` varchar(200) COLLATE utf8mb4_unicode_ci DEFAULT NULL,
  `status` tinyint(1) NOT NULL DEFAULT '0',
  `email_verified_at` timestamp NULL DEFAULT NULL,
  `mobile_verified_at` datetime DEFAULT NULL,
  `password` varchar(255) COLLATE utf8mb4_unicode_ci DEFAULT NULL,
  `remember_token` varchar(100) COLLATE utf8mb4_unicode_ci DEFAULT NULL,
  `created_at` timestamp NULL DEFAULT NULL,
  `updated_at` timestamp NULL DEFAULT NULL,
  `pincode` varchar(10) COLLATE utf8mb4_unicode_ci DEFAULT NULL,
  `city` varchar(50) COLLATE utf8mb4_unicode_ci DEFAULT NULL,
  `signup_complete` tinyint(1) NOT NULL DEFAULT '0',
  `referral_code` varchar(7) COLLATE utf8mb4_unicode_ci DEFAULT NULL,
  `referred_by` varchar(7) COLLATE utf8mb4_unicode_ci DEFAULT NULL,
  `dob` date DEFAULT NULL,
  `qualification` varchar(50) COLLATE utf8mb4_unicode_ci DEFAULT NULL,
  `subscription_required` tinyint(1) NOT NULL DEFAULT '1' COMMENT 'if subscription required',
  `subscription_expiry` datetime DEFAULT NULL COMMENT 'last date of subscription active',
  `last_played_video` int(11) DEFAULT NULL,
  `last_qualified_chapter` int(11) NOT NULL DEFAULT '2' COMMENT 'sequence no of last chapter'
) ENGINE=InnoDB DEFAULT CHARSET=utf8mb4 COLLATE=utf8mb4_unicode_ci;

--
-- Dumping data for table `users`
--

INSERT INTO `users` (`id`, `name`, `gender`, `email`, `mobile`, `address`, `status`, `email_verified_at`, `mobile_verified_at`, `password`, `remember_token`, `created_at`, `updated_at`, `pincode`, `city`, `signup_complete`, `referral_code`, `referred_by`, `dob`, `qualification`, `subscription_required`, `subscription_expiry`, `last_played_video`, `last_qualified_chapter`) VALUES
(1, 'Super Admin', '', NULL, '1234567890', NULL, 1, NULL, NULL, '$2y$10$Eba3GS/rYXk3LqdTeK7tL.AIg20zDlVw0cewssSRoPM4rR8vAx1ni', NULL, '2019-12-03 02:49:32', '2020-05-28 03:55:25', NULL, NULL, 0, '', NULL, NULL, '0', 0, '2020-05-12 00:00:00', NULL, 2),
(232, 'pankaj sengar', 'male', 'pks11iitr@gmail.com', '8802035788', 'd67 lalkuan ghaziabad', 1, NULL, NULL, '$2y$10$oummmR8LG6C2sDwzSy.1b.gihXV.pLOFTAFCGPRdlapZn1NDJMclC', NULL, '2020-02-18 06:09:00', '2020-06-03 05:29:25', '201001', 'ghaziabad', 1, 'KAGNQDE', 'KAGNQDE', '2020-02-11', 'Diploma', 1, '2020-12-03 10:59:25', NULL, 2),
(233, NULL, NULL, NULL, '1122334455', NULL, 0, NULL, NULL, '$2y$10$p4FEtNHFGIbUmojLEbdDc.wEdHkLExZaV8N0AESk1jp2CaKIgPgKm', NULL, '2020-06-02 06:24:34', '2020-06-02 06:24:34', NULL, NULL, 0, 'YAL0002', NULL, NULL, NULL, 1, NULL, NULL, 2),
(234, 'Makudmiyaa', 'male', 'sajimalek35@gmail.com', '9823643434', 'Railway Colony, Ankleshwar, Gujarat 393001', 1, NULL, NULL, '$2y$10$RK8p6U6n6OB.FZRw4f1JruU69if87A9Fe0ynYijbc.ow7T2Afo8Vi', NULL, '2020-06-03 00:38:08', '2020-06-03 00:48:18', '393001', 'Ankleshwar', 1, 'YAL0003', NULL, '2020-06-26', '12th', 1, NULL, NULL, 2);

-- --------------------------------------------------------

--
-- Table structure for table `user_answers`
--

CREATE TABLE `user_answers` (
  `id` int(11) NOT NULL,
  `test_id` int(11) NOT NULL,
  `question_id` int(11) NOT NULL,
  `answer` int(11) NOT NULL,
  `iscorrect` tinyint(1) NOT NULL DEFAULT '0',
  `created_at` datetime DEFAULT NULL,
  `updated_at` datetime DEFAULT NULL,
  `deleted_at` datetime DEFAULT NULL
) ENGINE=InnoDB DEFAULT CHARSET=latin1;

--
-- Dumping data for table `user_answers`
--

INSERT INTO `user_answers` (`id`, `test_id`, `question_id`, `answer`, `iscorrect`, `created_at`, `updated_at`, `deleted_at`) VALUES
(1, 2, 1, 3, 1, '2020-03-17 08:12:59', '2020-03-17 08:12:59', NULL),
(2, 2, 2, 3, 1, '2020-03-17 08:13:22', '2020-03-17 08:13:22', NULL),
(3, 2, 3, 3, 0, '2020-03-17 08:13:26', '2020-03-17 08:13:26', NULL),
(4, 2, 4, 3, 1, '2020-03-17 08:13:30', '2020-03-17 08:13:30', NULL),
(5, 8, 1, 3, 1, '2020-03-17 08:12:59', '2020-03-17 08:12:59', NULL),
(6, 8, 2, 3, 1, '2020-03-17 08:13:22', '2020-03-17 08:13:22', NULL),
(7, 8, 3, 3, 0, '2020-03-17 08:13:26', '2020-03-17 08:13:26', NULL),
(8, 8, 4, 3, 1, '2020-03-17 08:13:30', '2020-03-17 08:13:30', NULL),
(9, 20, 1, 3, 0, '2020-06-01 12:16:53', '2020-06-01 12:18:38', NULL),
(10, 20, 2, 3, 1, '2020-06-01 12:18:43', '2020-06-01 12:18:43', NULL),
(11, 20, 3, 3, 0, '2020-06-01 12:18:48', '2020-06-01 12:18:48', NULL),
(12, 20, 4, 3, 0, '2020-06-01 12:27:18', '2020-06-01 12:29:13', NULL),
(13, 21, 1, 1, 0, '2020-06-02 05:43:34', '2020-06-02 05:43:34', NULL),
(14, 21, 2, 1, 0, '2020-06-02 05:43:36', '2020-06-02 05:43:36', NULL),
(15, 21, 3, 1, 1, '2020-06-02 05:43:39', '2020-06-02 05:43:39', NULL);

-- --------------------------------------------------------

--
-- Table structure for table `user_attempts`
--

CREATE TABLE `user_attempts` (
  `id` int(11) NOT NULL,
  `refid` varchar(20) NOT NULL,
  `chapter_id` int(11) NOT NULL,
  `user_id` int(11) NOT NULL,
  `created_at` datetime DEFAULT NULL,
  `deleted_at` datetime DEFAULT NULL,
  `updated_at` datetime DEFAULT NULL
) ENGINE=InnoDB DEFAULT CHARSET=latin1;

--
-- Dumping data for table `user_attempts`
--

INSERT INTO `user_attempts` (`id`, `refid`, `chapter_id`, `user_id`, `created_at`, `deleted_at`, `updated_at`) VALUES
(2, '20200317080147', 2, 232, '2020-03-17 08:01:47', NULL, '2020-03-17 08:01:47'),
(8, '20200317085555', 3, 232, '2020-03-17 08:55:55', NULL, '2020-03-17 08:55:55'),
(9, '20200318073230', 3, 232, '2020-03-18 07:32:30', NULL, '2020-03-18 07:32:30'),
(10, '20200318073306', 3, 232, '2020-03-18 07:33:06', NULL, '2020-03-18 07:33:06'),
(11, '20200318073309', 3, 232, '2020-03-18 07:33:09', NULL, '2020-03-18 07:33:09'),
(12, '20200318073517', 3, 232, '2020-03-18 07:35:17', NULL, '2020-03-18 07:35:17'),
(13, '20200318073520', 3, 232, '2020-03-18 07:35:20', NULL, '2020-03-18 07:35:20'),
(14, '20200318073521', 3, 232, '2020-03-18 07:35:21', NULL, '2020-03-18 07:35:21'),
(15, '20200601114754', 1, 232, '2020-06-01 11:47:54', NULL, '2020-06-01 11:47:54'),
(16, '20200601114839', 1, 232, '2020-06-01 11:48:39', NULL, '2020-06-01 11:48:39'),
(17, '20200601114924', 1, 232, '2020-06-01 11:49:24', NULL, '2020-06-01 11:49:24'),
(18, '20200601115431', 2, 232, '2020-06-01 11:54:31', NULL, '2020-06-01 11:54:31'),
(19, '20200601115505', 2, 232, '2020-06-01 11:55:05', NULL, '2020-06-01 11:55:05'),
(20, '20200601115525', 2, 232, '2020-06-01 11:55:25', NULL, '2020-06-01 11:55:25'),
(21, '20200602054329', 2, 232, '2020-06-02 05:43:29', NULL, '2020-06-02 05:43:29');

-- --------------------------------------------------------

--
-- Table structure for table `user_scores`
--

CREATE TABLE `user_scores` (
  `id` int(11) NOT NULL,
  `chapter_id` int(11) NOT NULL,
  `user_id` int(11) NOT NULL,
  `created_at` datetime DEFAULT NULL,
  `deleted_at` datetime DEFAULT NULL,
  `updated_at` datetime DEFAULT NULL,
  `score` int(11) NOT NULL DEFAULT '0'
) ENGINE=InnoDB DEFAULT CHARSET=latin1;

--
-- Dumping data for table `user_scores`
--

INSERT INTO `user_scores` (`id`, `chapter_id`, `user_id`, `created_at`, `deleted_at`, `updated_at`, `score`) VALUES
(1, 2, 232, '2020-03-17 08:21:04', NULL, '2020-03-17 08:21:04', 3),
(2, 3, 232, '2020-03-17 08:57:13', NULL, '2020-03-17 08:57:13', 3);

-- --------------------------------------------------------

--
-- Table structure for table `videos`
--

CREATE TABLE `videos` (
  `id` int(11) NOT NULL,
  `name` varchar(100) NOT NULL,
  `image` varchar(250) NOT NULL,
  `video_url` varchar(500) DEFAULT NULL,
  `isactive` tinyint(1) NOT NULL DEFAULT '1',
  `chapter_id` int(11) NOT NULL,
  `description` text,
  `created_at` datetime DEFAULT NULL,
  `updated_at` datetime DEFAULT NULL,
  `deleted_at` datetime DEFAULT NULL,
  `sequence_no` int(11) NOT NULL DEFAULT '1'
) ENGINE=InnoDB DEFAULT CHARSET=latin1;

--
-- Dumping data for table `videos`
--

INSERT INTO `videos` (`id`, `name`, `image`, `video_url`, `isactive`, `chapter_id`, `description`, `created_at`, `updated_at`, `deleted_at`, `sequence_no`) VALUES
(1, 'Session 1:	Understanding Instagram and Twitter', 'videos/user.png', 'videos/dmvideo1.mp4', 1, 1, NULL, '2020-05-08 08:56:48', '2020-05-28 06:51:24', NULL, 2),
(2, 'Session 7: 	Development Tools', 'videos/user.png', 'videos/dmvideo1.mp4', 1, 1, '1. Minify CSS***2. Minify HTML*** 3. Minify JS Queries*** 4. Robots.txt file Generator***5. URL Shortener', '2020-05-08 09:07:00', '2020-05-28 06:52:16', NULL, 1),
(3, 'pankaj kumar sengar', 'videos/dm6.jpeg', 'videos/dmvideo1.mp4', 1, 2, 'w', '2020-06-01 11:54:04', '2020-06-01 11:54:04', NULL, 1);

--
-- Indexes for dumped tables
--

--
-- Indexes for table `banners`
--
ALTER TABLE `banners`
  ADD PRIMARY KEY (`id`);

--
-- Indexes for table `chapters`
--
ALTER TABLE `chapters`
  ADD PRIMARY KEY (`id`);

--
-- Indexes for table `configurations`
--
ALTER TABLE `configurations`
  ADD PRIMARY KEY (`id`);

--
-- Indexes for table `contacts`
--
ALTER TABLE `contacts`
  ADD PRIMARY KEY (`id`);

--
-- Indexes for table `doubts`
--
ALTER TABLE `doubts`
  ADD PRIMARY KEY (`id`);

--
-- Indexes for table `gallery`
--
ALTER TABLE `gallery`
  ADD PRIMARY KEY (`id`);

--
-- Indexes for table `migrations`
--
ALTER TABLE `migrations`
  ADD PRIMARY KEY (`id`);

--
-- Indexes for table `otps`
--
ALTER TABLE `otps`
  ADD PRIMARY KEY (`id`);

--
-- Indexes for table `password_resets`
--
ALTER TABLE `password_resets`
  ADD KEY `password_resets_email_index` (`email`(191));

--
-- Indexes for table `payments`
--
ALTER TABLE `payments`
  ADD PRIMARY KEY (`id`);

--
-- Indexes for table `permissions`
--
ALTER TABLE `permissions`
  ADD PRIMARY KEY (`id`),
  ADD KEY `permissions_inherit_id_index` (`inherit_id`),
  ADD KEY `permissions_name_index` (`name`(191)),
  ADD KEY `permissions_slug_index` (`slug`(191));

--
-- Indexes for table `permission_role`
--
ALTER TABLE `permission_role`
  ADD PRIMARY KEY (`id`),
  ADD KEY `permission_role_permission_id_index` (`permission_id`),
  ADD KEY `permission_role_role_id_index` (`role_id`);

--
-- Indexes for table `permission_user`
--
ALTER TABLE `permission_user`
  ADD PRIMARY KEY (`id`),
  ADD KEY `permission_user_permission_id_index` (`permission_id`),
  ADD KEY `permission_user_user_id_index` (`user_id`);

--
-- Indexes for table `playing_videos`
--
ALTER TABLE `playing_videos`
  ADD PRIMARY KEY (`id`);

--
-- Indexes for table `questions`
--
ALTER TABLE `questions`
  ADD PRIMARY KEY (`id`);

--
-- Indexes for table `roles`
--
ALTER TABLE `roles`
  ADD PRIMARY KEY (`id`);

--
-- Indexes for table `role_user`
--
ALTER TABLE `role_user`
  ADD PRIMARY KEY (`id`),
  ADD KEY `role_user_role_id_index` (`role_id`),
  ADD KEY `role_user_user_id_index` (`user_id`);

--
-- Indexes for table `users`
--
ALTER TABLE `users`
  ADD PRIMARY KEY (`id`),
  ADD UNIQUE KEY `uniqmobile` (`mobile`);

--
-- Indexes for table `user_answers`
--
ALTER TABLE `user_answers`
  ADD PRIMARY KEY (`id`);

--
-- Indexes for table `user_attempts`
--
ALTER TABLE `user_attempts`
  ADD PRIMARY KEY (`id`),
  ADD UNIQUE KEY `refid` (`refid`);

--
-- Indexes for table `user_scores`
--
ALTER TABLE `user_scores`
  ADD PRIMARY KEY (`id`);

--
-- Indexes for table `videos`
--
ALTER TABLE `videos`
  ADD PRIMARY KEY (`id`);

--
-- AUTO_INCREMENT for dumped tables
--

--
-- AUTO_INCREMENT for table `banners`
--
ALTER TABLE `banners`
  MODIFY `id` int(11) NOT NULL AUTO_INCREMENT, AUTO_INCREMENT=4;
--
-- AUTO_INCREMENT for table `chapters`
--
ALTER TABLE `chapters`
  MODIFY `id` int(11) NOT NULL AUTO_INCREMENT, AUTO_INCREMENT=4;
--
-- AUTO_INCREMENT for table `configurations`
--
ALTER TABLE `configurations`
  MODIFY `id` int(11) NOT NULL AUTO_INCREMENT, AUTO_INCREMENT=3;
--
-- AUTO_INCREMENT for table `contacts`
--
ALTER TABLE `contacts`
  MODIFY `id` int(11) NOT NULL AUTO_INCREMENT, AUTO_INCREMENT=2;
--
-- AUTO_INCREMENT for table `doubts`
--
ALTER TABLE `doubts`
  MODIFY `id` int(11) NOT NULL AUTO_INCREMENT, AUTO_INCREMENT=3;
--
-- AUTO_INCREMENT for table `gallery`
--
ALTER TABLE `gallery`
  MODIFY `id` int(11) NOT NULL AUTO_INCREMENT, AUTO_INCREMENT=5;
--
-- AUTO_INCREMENT for table `migrations`
--
ALTER TABLE `migrations`
  MODIFY `id` int(10) UNSIGNED NOT NULL AUTO_INCREMENT, AUTO_INCREMENT=10;
--
-- AUTO_INCREMENT for table `otps`
--
ALTER TABLE `otps`
  MODIFY `id` int(11) NOT NULL AUTO_INCREMENT, AUTO_INCREMENT=711;
--
-- AUTO_INCREMENT for table `payments`
--
ALTER TABLE `payments`
  MODIFY `id` int(11) NOT NULL AUTO_INCREMENT, AUTO_INCREMENT=5;
--
-- AUTO_INCREMENT for table `permissions`
--
ALTER TABLE `permissions`
  MODIFY `id` int(10) UNSIGNED NOT NULL AUTO_INCREMENT, AUTO_INCREMENT=2;
--
-- AUTO_INCREMENT for table `permission_role`
--
ALTER TABLE `permission_role`
  MODIFY `id` int(10) UNSIGNED NOT NULL AUTO_INCREMENT, AUTO_INCREMENT=2;
--
-- AUTO_INCREMENT for table `permission_user`
--
ALTER TABLE `permission_user`
  MODIFY `id` int(10) UNSIGNED NOT NULL AUTO_INCREMENT, AUTO_INCREMENT=2;
--
-- AUTO_INCREMENT for table `playing_videos`
--
ALTER TABLE `playing_videos`
  MODIFY `id` int(11) NOT NULL AUTO_INCREMENT;
--
-- AUTO_INCREMENT for table `questions`
--
ALTER TABLE `questions`
  MODIFY `id` int(11) NOT NULL AUTO_INCREMENT, AUTO_INCREMENT=9;
--
-- AUTO_INCREMENT for table `role_user`
--
ALTER TABLE `role_user`
  MODIFY `id` int(10) UNSIGNED NOT NULL AUTO_INCREMENT, AUTO_INCREMENT=222;
--
-- AUTO_INCREMENT for table `users`
--
ALTER TABLE `users`
  MODIFY `id` bigint(20) UNSIGNED NOT NULL AUTO_INCREMENT, AUTO_INCREMENT=235;
--
-- AUTO_INCREMENT for table `user_answers`
--
ALTER TABLE `user_answers`
  MODIFY `id` int(11) NOT NULL AUTO_INCREMENT, AUTO_INCREMENT=16;
--
-- AUTO_INCREMENT for table `user_attempts`
--
ALTER TABLE `user_attempts`
  MODIFY `id` int(11) NOT NULL AUTO_INCREMENT, AUTO_INCREMENT=22;
--
-- AUTO_INCREMENT for table `user_scores`
--
ALTER TABLE `user_scores`
  MODIFY `id` int(11) NOT NULL AUTO_INCREMENT, AUTO_INCREMENT=3;
--
-- AUTO_INCREMENT for table `videos`
--
ALTER TABLE `videos`
  MODIFY `id` int(11) NOT NULL AUTO_INCREMENT, AUTO_INCREMENT=4;
/*!40101 SET CHARACTER_SET_CLIENT=@OLD_CHARACTER_SET_CLIENT */;
/*!40101 SET CHARACTER_SET_RESULTS=@OLD_CHARACTER_SET_RESULTS */;
/*!40101 SET COLLATION_CONNECTION=@OLD_COLLATION_CONNECTION */;
